"meaca","meaca_n","MRGSE","SigPathway","CAMERA_ModT","CAMERA_Rank","GSEA","QuSAGE","testSetCor","interCor","backSetCor","status","target_geneset","gene_setsize","n_normal","n_disease"
0.35816431187498,0.35816431187498,0.492710303314438,0.22,0.410957638270202,0.604106465039472,0.608041958041958,0.24899556931412,0.147475163916728,-0.00124096084380588,0.00277949534963419,"up","hsa00232",5,8,8
0.692412939727408,0.692412939727408,0.827036554488364,0.718,0.776363381520041,0.842846868471575,0.685424575424575,0.947622105202155,0.00170205437324362,0.000955872831165202,0.00279424122387555,"up","hsa00983",60,8,8
0.193455347819532,0.193455347819532,0.104668964633168,0.109,0.292384241852911,0.288916350808899,0.833166833166833,0.451405317177305,0.00893112699035333,0.00317354107657925,0.00281073893118127,"down","hsa00230",122,8,8
0.418152480526146,0.418152480526146,0.299171731463245,0.308,0.503295412172535,0.48785359237811,0.909180819180819,0.423587875624741,0.0295152941750882,0.00887043234068265,0.00278684781195025,"down","hsa05340",36,8,8
0.952867810037044,0.11821167269771,0.98534637233221,0.888,0.940281944563644,0.990005130729759,0.96973026973027,0.957346934773415,0.00717751702050924,0.00585864239660129,0.00281515393165961,"up","hsa04514",139,8,8
0.789928444301454,0.532807066712484,0.997428315646309,0.906,0.933031116132121,0.997313302879403,0.714575424575425,0.926212926266973,-0.00243740916009005,0.00177509040762933,0.00279831087649415,"up","hsa05412",75,8,8
0.986574840209237,0.033653473157668,0.9041077934348,1,0.978515432164693,0.941307645502209,0.859190809190809,0.740716786384678,0.00532728827155084,0.00386446700544903,0.00285487177982193,"up","hsa04010",283,8,8
0.258346910844159,0.258346910844159,0.15418209041575,0.212,0.360801036492236,0.315029799856008,0.913126873126873,0.234828203534594,0.00948013335373136,0.00378031573837601,0.00280038994099655,"down","hsa04012",84,8,8
0.616708909134606,0.616708909134606,0.765361579381032,0.645,0.733098403377069,0.819351996499492,0.857282717282717,0.8259823474394,0.00319694197886707,0.00418567532661309,0.00282649251071721,"up","hsa04062",179,8,8
0.926794041241853,0.183758340346596,0.880394603188075,0.945,0.983043192527308,0.919519753166714,0.99014985014985,0.4394948645258,0.00708085496232006,0.00156991999089472,0.00281856805824214,"up","hsa04150",150,8,8
0.536164121897227,0.536164121897227,0.606154045272147,0.64,0.640126698210024,0.614546049618617,0.869050949050949,0.737590835178937,-0.000497832735862012,0.00299218156805126,0.00281357736160941,"up","hsa04210",131,8,8
0.74055599117886,0.66223431758484,0.724644428469164,0.753,0.843490145174804,0.837699887961615,0.884425574425574,0.959336363159174,0.0317409526443365,0.00452343891316547,0.00279258062554875,"up","hsa04370",56,8,8
0.186081235250202,0.186081235250201,0.376837529638532,0.282,0.297425951772344,0.35936788920528,0.447632367632368,0.291540003371339,-0.0015716372165772,0.00263985177692591,0.00281199430929435,"up","hsa04380",125,8,8
0.0337225260768207,0.0337225260768206,0.0524909974571999,0.086,0.157146035648598,0.123611413004373,0.917752247752248,0.171277825297159,0.00168622319474544,0.00329765859665316,0.0028314028330723,"down","hsa04510",196,8,8
0.779760019782717,0.559263566987837,0.626949496109892,0.727,0.794856694400965,0.731495830251297,0.896723276723277,0.572836193938601,0.00557069873083653,0.00410649700513895,0.00281921881205209,"up","hsa04530",153,8,8
0.487904923462097,0.487904923462097,0.466404297984372,0.418,0.518034350308558,0.563527849096303,0.991988011988012,0.518192984466213,0.00467625240315728,0.00416004567630784,0.00280342942264466,"up","hsa04620",95,8,8
0.71554968964689,0.71554968964689,0.657030523756636,0.74,0.846288857971427,0.783011921396351,0.968781218781219,0.940251480335126,0.00899469607983386,0.0032431716966126,0.00282046307312036,"down","hsa04630",158,8,8
0.917917316211981,0.206115048466191,0.956323222978501,0.838,0.889967018743321,0.964763794882271,0.860609390609391,0.569813310919386,0.00403766546373252,0.00312806392047335,0.00280545424151046,"up","hsa04660",102,8,8
0.0408450060271131,0.0408450060271131,0.0783520086603977,0.077,0.0472161579515386,0.0558309487619423,0.764185814185814,0.0927476846180291,-0.00441342782731298,0.00153327697316096,0.00279973863306966,"up","hsa04662",80,8,8
0.850955637709901,0.375798482063908,0.983799424923274,0.89,0.922960349843026,0.986406105780488,0.860879120879121,0.807497085215258,0.0047840972334272,0.00406016177494034,0.00279472723170131,"down","hsa04664",63,8,8
0.823399074894712,0.446350600022744,0.786508887067348,0.832,0.831729219955247,0.817206711683312,0.778681318681319,0.618936873798333,0.00290414128684738,0.00332813184166825,0.00280136323993845,"up","hsa04666",87,8,8
0.0135033014352294,0.0135033014352293,0.0187678042860602,0.022,0.0931923764016506,0.0846451302527711,0.507922077922078,0.0861449090644548,0.00454013342064223,0.00452538377616647,0.00280939721193944,"down","hsa04722",117,8,8
0.323330678540547,0.323330678540547,0.333331030179182,0.304,0.460070139826996,0.479981193296297,0.947102897102897,0.305656724909365,0.0052087756995022,0.00386520262426418,0.00281434905996092,"down","hsa04910",135,8,8
0.42634967319845,0.42634967319845,0.448774196048052,0.248,0.498871297380958,0.624501688127917,0.748231768231768,0.166779243588147,0.0139534798765974,0.00377857812306558,0.00280112099752889,"up","hsa04914",87,8,8
0.485784362792645,0.485784362792645,0.329457922057914,0.325,0.462963215057429,0.468414517309509,0.602337662337662,0.204252055768765,0.0094274565172451,0.00388592828303452,0.0027960534084461,"up","hsa04920",68,8,8
0.553887033479193,0.553887033479193,0.55815214108505,0.544,0.502120148293308,0.519779687923429,0.937692307692308,0.295865884910383,-0.00689381904583569,0.00335074642751017,0.00278886440247587,"up","hsa04973",41,8,8
0.908897275683434,0.228859136947069,0.905530720974065,0.947,0.950139412630936,0.909414785492914,0.71958041958042,0.7176839694053,-0.000185522216844295,0.00456517036996518,0.00280459304241176,"down","hsa05142",99,8,8
0.479642867852538,0.479642867852538,0.280567100181827,0.429,0.561804035887522,0.440730087272834,0.794975024975025,0.482865164552045,0.00745252727364682,0.00564535815920894,0.00280566565551222,"down","hsa05145",104,8,8
0.806718836668604,0.489322235535016,0.673434029947723,0.81,0.798977804029182,0.723163677707722,0.945894105894106,0.917067935260685,0.00194130796871229,0.00349525806901675,0.00281838053231262,"up","hsa05160",149,8,8
0.55889468570147,0.55889468570147,0.44600694076768,0.538,0.732661236765298,0.675941173086107,0.835534465534465,0.718274238197646,0.0041357404948373,0.00361931106803543,0.00291984867679648,"down","hsa05200",515,8,8
0.634780455660132,0.634780455660132,0.517868263072385,0.566,0.621648547092343,0.594818122508894,0.912687312687313,0.322287425077361,0.00401475710944465,0.00392695263356593,0.00280073946525629,"down","hsa05210",85,8,8
0.825270097555534,0.441543663167504,0.702678180451252,0.764,0.836786734276942,0.782516406946758,0.927912087912088,0.742468435738931,0.0112987364037527,0.00303696606669643,0.00279611606168673,"down","hsa05211",68,8,8
0.992618981524715,0.0185017334942129,0.85689563820677,0.957,0.948601510568886,0.881707996384896,0.397262737262737,0.891832225988144,0.00455173178106563,0.00324946214800465,0.00279834594639051,"up","hsa05212",76,8,8
0.752422859141005,0.630892490384126,0.700809104486145,0.752,0.764958804061456,0.728938912948383,0.796913086913087,0.452352131318358,0.00194351664809606,0.00473021114794386,0.00279332484339615,"down","hsa05213",58,8,8
0.852899366295289,0.370840653786675,0.637660792732203,0.837,0.784499121801517,0.63573052189248,0.977932067932068,0.797030605730631,-0.00163746843788492,0.00179946615499198,0.00279802346837277,"down","hsa05214",74,8,8
0.465700544897478,0.465700544897478,0.629527602082967,0.447,0.601698814269917,0.694178107836616,0.761268731268731,0.228250473627118,0.00384949651106734,0.00416376485283338,0.00280399255706283,"up","hsa05215",97,8,8
0.480761867367148,0.480761867367148,0.914786009211347,0.55,0.636696174094609,0.918053136292402,0.532757242757243,0.586691926544477,-0.000340566330863021,0.00260985384908564,0.00279737966666451,"up","hsa05218",72,8,8
0.782493174117501,0.552142937307028,0.733583221115025,0.796,0.830003880733173,0.768419647420769,0.902487512487512,0.846304268520608,0.00288111049909164,0.0052744651314477,0.00279789777645017,"down","hsa05220",75,8,8
0.997802826233523,0.0055075048480299,0.899413827341122,0.82,0.883236880462234,0.91775450998626,0.763286713286713,0.417036205145011,0.00569179490242256,0.00318916435043048,0.00279561890735307,"up","hsa05221",66,8,8
0.484601002384149,0.484601002384148,0.394961038993637,0.404,0.482182112204026,0.445865371582975,0.963076923076923,0.504432797571495,0.00116645018705235,0.00381871370877744,0.00280271589870097,"down","hsa05222",92,8,8
0.685805659623031,0.685805659623031,0.768349829602736,0.702,0.760537293054784,0.80647767358581,0.595114885114885,0.64845454965169,0.00473985804767046,0.00427034749411715,0.00279606689356375,"up","hsa05223",68,8,8
0.348903714853942,0.348903714853942,0.330989801265704,0.367,0.188882310302379,0.168569606304269,0.585164835164835,0.265368363430727,-0.00760061772750172,0.000598907433635441,0.0028001553172941,"up","hsa04146",81,8,8
0.738811777000499,0.666854551204379,0.790401238085466,0.705,0.744102207135902,0.799973726291151,0.949310689310689,0.588313122258112,-0.000191345836775671,0.00517784002355107,0.00279002264758796,"down","hsa00520",46,8,8
0.0438576490124367,0.0438576490124367,0.0200626155909957,0.026,0.0894673008541271,0.0749358364874506,0.091037962037962,0.00333863376255172,0.00448203123724922,0.00401716153950247,0.00280126747920183,"up","hsa04974",87,8,8
0.743496082270637,0.65445431387824,0.784571682162257,0.896,0.898947023564012,0.807747248592668,0.977152847152847,0.955403558501278,0.00215466084861396,0.00443985723480799,0.00279607848770724,"down","hsa04622",68,8,8
0.821334039327313,0.451658981195451,0.737057629901016,0.772,0.679406911389618,0.677842788055046,0.961108891108891,0.788921258111811,-0.00305934169814916,0.000957085382267787,0.0028172224868552,"down","hsa03013",143,8,8
0.823690216449136,0.445602445145787,0.940197782495838,0.898,0.928551793772094,0.939292288284117,0.707662337662338,0.896581375854632,-0.000945449955506074,0.00326115323172343,0.00281550723422606,"up","hsa04145",138,8,8
0.808114584801195,0.485718111634692,0.631320109929328,0.654,0.769571206092002,0.755678566780378,0.99010989010989,0.542014700353328,0.0186731143163994,0.00671114321645584,0.00279487360817656,"up","hsa04612",65,8,8
0.57463953717156,0.57463953717156,0.428011137104788,0.574,0.541039105110144,0.447747292602103,0.436413586413586,0.502045333905282,-0.00089601276120116,0.00315062509840919,0.00278940584795825,"down","hsa04672",43,8,8
0.467484826567399,0.467484826567399,0.468820804145565,0.583,0.45095990413693,0.369215579180231,0.441788211788212,0.484604831262863,-0.0118162195103049,0.00404120649405565,0.00278826690688211,"down","hsa04940",39,8,8
0.247678320087933,0.247678320087933,0.193759713841234,0.325,0.403494727057106,0.28708417379346,0.247742257742258,0.352019991087581,0.00441938049233842,0.00670365462809408,0.0027963765815277,"down","hsa05140",70,8,8
0.353930685323895,0.353930685323895,0.334101560067617,0.33,0.449584105017429,0.474251846324013,0.960619380619381,0.428026789645358,0.00871270168492685,0.00578513131953193,0.00279777032557837,"up","hsa05150",75,8,8
0.286801437238782,0.286801437238782,0.389077965562453,0.438,0.437467935332336,0.400896394110455,0.487002997002997,0.591688024342358,-0.00312357211585811,0.00415624442237826,0.00278468116941738,"down","hsa05310",26,8,8
0.692574323283734,0.692574323283734,0.831775626571861,0.678,0.607875067256248,0.786638563265335,0.907112887112887,0.45424707759892,-0.0103480884913528,0.00107685108688504,0.00279047357662345,"up","hsa05320",46,8,8
0.935374838766844,0.162168782555635,0.873902218056822,0.882,0.899666753541504,0.891167021020499,1,0.698468899058769,0.00244799859963819,0.00138168373592069,0.00280320230476819,"up","hsa05322",93,8,8
0.781865869484635,0.553776618917971,0.940366383343026,0.904,0.952638803157612,0.947264749413541,0.833176823176823,0.745531532795614,0.00194297823192872,0.00508302915847629,0.0028006617258892,"up","hsa05323",85,8,8
0.90457780732357,0.239761011321771,0.922848612784055,1,0.980918113541965,0.902409199831555,0.59020979020979,0.858944228601891,-0.0142715041477402,-0.000859785157213688,0.00278710611344088,"down","hsa05330",33,8,8
0.724150945455877,0.705833253682185,0.688282982310828,0.757,0.755501753171502,0.70584227366818,0.625624375624376,0.864772191769708,0.000457628301615248,0.00515308967000863,0.00278729819957693,"down","hsa05332",36,8,8
0.174361312660408,0.174361312660408,0.31907319464039,0.301,0.260540667127058,0.277474267943589,0.214515484515484,0.511656820611924,-0.00537215605610743,0.0037006463784292,0.00279238535093933,"up","hsa05416",54,8,8
0.828046704127898,0.434414835561828,0.899864543810969,0.921,0.933618046064846,0.923112788622419,0.759200799200799,0.896004416953199,0.00616927095597304,0.00503222096529677,0.00280249661849154,"down","hsa04640",92,8,8
0.316301892298111,0.316301892298111,0.451719769519782,0.33,0.40570109972467,0.502122613634823,0.194745254745255,0.231345784705978,0.00135195187758216,0.00417725380984273,0.00280267705992568,"down","hsa00564",92,8,8
0.845392826024557,0.390000310648271,0.616953931991772,0.762,0.811059907888529,0.719830236678876,0.726443556443556,0.886186634045776,0.0190964337305221,0.00564437974689733,0.00278880735764607,"up","hsa00565",42,8,8
0.402330265250116,0.402330265250116,0.432272704449533,0.485,0.411385044147128,0.378635760751647,0.935744255744256,0.406560154727088,-0.00573742880556367,0.00243100545411388,0.00279306101491977,"down","hsa00590",56,8,8
0.413566368125485,0.413566368125485,0.389202256034488,0.365,0.492622802067199,0.499102377464563,0.908271728271728,0.460838939430844,0.020071026733682,0.00428483353846985,0.00278409374689049,"down","hsa00591",24,8,8
0.56484914198541,0.56484914198541,0.714730333640574,0.691,0.66802120676197,0.695770202715148,0.767242757242757,0.8569142201213,-0.0118329524136656,0.00458260965149514,0.00278301497639564,"down","hsa00592",20,8,8
0.756300155324211,0.620685946406012,0.599507371630711,0.603,0.735564012089139,0.735505978804379,0.71042957042957,0.487288231687726,0.00978862968928913,0.00456451630301309,0.00281192177578932,"up","hsa04270",127,8,8
0.693482653499056,0.693482653499056,0.351256461351035,0.657,0.704538393716496,0.514979857838168,0.77981018981019,0.768032155905495,0.0153861581979295,0.00462600875361484,0.00279295990787532,"down","hsa04730",57,8,8
0.883223662681829,0.293767793252656,0.835950116882935,0.796,0.844334633276983,0.870590640933589,0.691568431568432,0.675493698634383,0.00558904531943225,0.00525347353882038,0.00280112657540117,"up","hsa04912",87,8,8
0.660034658887293,0.660034658887293,0.57229735504775,0.615,0.691833745308341,0.654443257186427,0.841838161838162,0.945969273228923,0.00492584709743239,0.00527788518091191,0.00280249752017346,"up","hsa04972",92,8,8
0.250179305269035,0.250179305269035,0.290328557142759,0.206,0.289121010628349,0.345800329944023,0.323446553446553,0.0738200955337212,0.00260896597281204,0.001618209117367,0.002788996477956,"down","hsa04975",41,8,8
0.408378623027257,0.408378623027257,0.365709707879023,0.502,0.378001508020019,0.301677354418037,0.982677322677323,0.861099004651049,-0.00150419230202385,0.000890287569127252,0.00284290005580945,"down","hsa04144",235,8,8
0.254870290382532,0.254870290382532,0.273136359354137,0.359,0.443170036547085,0.381037050703809,0.95972027972028,0.400012726597099,0.00259308658076985,0.00460266997975664,0.00281933711430036,"down","hsa04310",153,8,8
0.894518228414242,0.265178515668778,0.844218817986072,0.86,0.884851436122945,0.85136260560258,0.837052947052947,0.754997545476758,-0.000354706543972045,0.00401670002002914,0.00278414677708685,"up","hsa00563",24,8,8
0.717888925929049,0.717888925929049,0.582173399290401,0.682,0.778511960304151,0.71993140896126,0.973926073926074,0.98658188384736,0.0167239592247728,0.00558493494439548,0.00279661184008313,"up","hsa03008",71,8,8
0.48492478512874,0.48492478512874,0.620337661769478,0.686,0.673585120508772,0.638453013428563,0.92,0.911977926715224,-2.35259032053799e-05,0.00360734887345648,0.00282152168410807,"down","hsa04141",160,8,8
0.548427597761241,0.548427597761241,0.71509792119768,0.572,0.695002396444858,0.783302375978512,0.626403596403596,0.805459407014663,0.0146232848032636,0.00472176040433287,0.00278918545617904,"up","hsa03420",43,8,8
0.719833687121371,0.717362151183767,0.714981280385479,0.811,0.812956484271117,0.735382961890442,0.491378621378621,0.971985829755796,0.000396725587296121,0.00135583171889636,0.0028148049582434,"down","hsa04120",135,8,8
0.277450175484569,0.277450175484569,0.105160826202711,0.147,0.43256296034664,0.397438045124657,0.521688311688312,0.298921611845405,0.0220400464210719,0.00617879252187658,0.00280602985940913,"up","hsa04670",107,8,8
0.314283788869054,0.314283788869054,0.164503662346801,0.147,0.360091280170992,0.366083130009545,0.902677322677323,0.322545522247838,0.0362021996205899,0.00727852634539874,0.00278591771177503,"down","hsa03410",32,8,8
0.447427247478431,0.447427247478431,0.39207964766146,0.47,0.454816001577124,0.403468925017048,0.931748251748252,0.407426573328994,-0.000710241177386979,0.00210300257211652,0.00280870267991852,"down","hsa03010",113,8,8
0.520117914712122,0.520117914712122,0.667546273854905,0.5,0.582378539322257,0.707294141756429,0.450739260739261,0.0949478010741741,0.00152978570777095,0.00370010324646294,0.00281095004346265,"up","hsa04110",122,8,8
0.982357692522988,0.0442263108699887,0.776570905227264,0.937,0.992394792113423,0.802978287079502,0.987072927072927,0.527419622920285,0.00153290078788657,0.00354971868928516,0.00280904174522414,"up","hsa04114",115,8,8
0.0350900077867428,0.0350900077867426,0.103175604478951,0.081,0.0621124052734762,0.0688484518667229,0.255844155844156,0.021809842372553,-0.00428542616104868,0.00318431361561145,0.00280205855437471,"down","hsa04350",89,8,8
0.244472115175142,0.244472115175142,0.368715698035488,0.354,0.312273748933248,0.313800620457612,0.878721278721279,0.477634726128106,-0.0118899139756158,0.00392277277412437,0.00278526434833219,"down","hsa04710",28,8,8
0.998271367388585,0.00433304276996873,0.967594735394912,0.942,0.965980639844449,0.976836661975477,0.997912087912088,0.755853526926339,0.00445107914815849,0.00376065055991453,0.002827534504378,"up","hsa05130",183,8,8
0.385518952200958,0.385518952200957,0.152218379938054,0.216,0.226995188972467,0.185655190558145,0.689160839160839,0.211210307740402,-0.000219285697094815,-0.002051893751946,0.00279072926278346,"down","hsa00140",46,8,8
0.313895682370408,0.313895682370408,0.261945077473985,0.382,0.442052767940871,0.360037034849587,0.988081918081918,0.388042366227578,0.00200436328228998,0.00309669187939553,0.00282337810019922,"down","hsa04621",167,8,8
0.371390728468475,0.371390728468475,0.410143932972357,0.42,0.489375463702737,0.474221407014246,1,0.496789013388086,0.00150312106659419,0.00409879131955385,0.00281118673812654,"down","hsa04142",123,8,8
0.442643926787619,0.442643926787619,0.440482893838667,0.41,0.52433955930962,0.533782096066438,0.314815184815185,0.635993347705515,0.0096426580353495,0.00409421155874855,0.00278872706400836,"up","hsa00970",41,8,8
0.40933027871074,0.40933027871074,0.259937795057767,0.442,0.477458309689389,0.366561540150774,0.443246753246753,0.564738376782093,0.00887027380021158,0.00308512765569309,0.00278964089612966,"down","hsa02010",44,8,8
0.998785422648635,0.00304449510646001,0.947460017481466,0.988,0.971384632836465,0.925680411557314,1,0.652247860155656,-0.00810342142256655,0.000583005835368994,0.00279767294876547,"up","hsa05100",72,8,8
0.472643071820902,0.472643071820902,0.477980068963535,0.467,0.473426534482514,0.490331878232246,0.656213786213786,0.70922959662602,-0.000880999828794664,0.00339419524276695,0.00279758356553397,"up","hsa03320",73,8,8
0.342326583766709,0.342326583766708,0.304984660657989,0.349,0.468827235921006,0.436420201397896,0.598531468531469,0.945327128108956,0.00472227547603693,0.00390336481170893,0.00281027091499834,"down","hsa00190",120,8,8
0.199589957215849,0.199589957215849,0.285293448633916,0.29,0.351920062892502,0.364397413835796,0.813066933066933,0.293574742528657,0.00194268211882459,0.0040824896298269,0.00280979981779221,"down","hsa03040",118,8,8
0.679883473405877,0.679883473405877,0.736922730515618,0.742,0.755022546254625,0.763734223007382,0.698901098901099,0.944910205758385,0.00685476638077544,0.00252337792922315,0.0027831990370765,"up","hsa00532",20,8,8
0.721035451206807,0.714150556595896,0.737652514321512,0.797,0.801729630769313,0.792847594006763,0.695354645354645,0.658434274134475,0.0023548147780156,0.00358730370328506,0.00283518620368609,"down","hsa04810",210,8,8
0.0737323727115987,0.0737323727115986,0.0305278523989695,0.033,0.187497281207216,0.17719479686181,0.498531468531469,0.0832323685574909,0.00541824110519598,0.00386349122499012,0.00284003673268375,"down","hsa05131",229,8,8
0.480493239237263,0.480493239237263,0.3849925771979,0.374,0.505204809983441,0.518863392568571,0.716453546453546,0.192205805928134,0.0160426305316847,0.00360403485005458,0.00278874990888868,"down","hsa03440",41,8,8
0.786414432415232,0.541939150864889,0.928064995278907,0.827,0.823957516191061,0.920401781379203,0.885824175824176,0.92138000733996,-0.0249693610372579,-0.00206062716785591,0.00278148850806423,"up","hsa03450",12,8,8
0.578465956565093,0.578465956565093,0.46720328932179,0.524,0.682479996645009,0.647390241743928,0.814475524475524,0.994358992835035,0.00476851827545605,0.0030232036325922,0.00285478823012355,"down","hsa05016",282,8,8
0.96664013823726,0.083645150679074,0.859129377434086,0.877,0.879390949312332,0.861701707072084,0.715464535464535,0.320316538501026,-0.00206988087633326,0.00259150954816218,0.00278673835441294,"down","hsa00760",33,8,8
0.432466338129429,0.432466338129429,0.46268239857871,0.391,0.414391469355337,0.482359383054018,0.201948051948052,0.713924451482492,-0.000423093704752136,0.000687112472898045,0.00279866459098956,"up","hsa03018",76,8,8
0.519759579848105,0.519759579848105,0.628447333617545,0.55,0.585226549652035,0.648765065118996,0.885534465534465,0.562801173724427,0.000214152126805979,0.00391823579462278,0.00279396413920446,"down","hsa00310",60,8,8
0.296384191584107,0.296384191584106,0.224462934387747,0.185,0.368701897766136,0.399201916978029,0.674555444555445,0.591591632649478,0.00270266287995278,0.00186179983979761,0.00286758648018505,"up","hsa04080",326,8,8
0.421216476415945,0.421216476415945,0.768083435069933,0.531,0.56240974875425,0.750593217307336,0.385074925074925,0.717474165559826,-0.00352117640505586,0.00315092930931206,0.00279626643623319,"up","hsa04520",68,8,8
0.82821841661893,0.433974152623179,0.778600534992401,0.735,0.670197355062462,0.729881746054288,0.621838161838162,0.286408405532552,-0.0324427117498656,-0.000154438668183124,0.00278185148654985,"up","hsa00533",14,8,8
0.72587615482127,0.701232790547421,0.756646714419282,0.745,0.777708378769357,0.79825742270563,0.753646353646354,0.894590965810445,0.00479325381716551,0.00308517075892906,0.00279727035373619,"down","hsa04115",72,8,8
0.188096169595255,0.188096169595255,0.228671619355765,0.215,0.275259069473384,0.296957785150668,0.951368631368631,0.230175043176376,0.00354907881366039,0.00555126984510295,0.00279023956529225,"down","hsa00830",47,8,8
0.743603105600092,0.654171298557526,0.533748686066381,0.666,0.690321984093488,0.611080150056901,0.877042957042957,0.807542768738189,0.00457035799328682,0.00181134045474879,0.00279930315356621,"down","hsa03015",79,8,8
0.785694442639875,0.543811622914987,0.472886813732736,0.666,0.630670714007345,0.465159645433132,0.351838161838162,0.620009071458443,-0.00377709797937458,0.00409557063290263,0.00278877944180153,"down","hsa05219",41,8,8
0.933264318334607,0.16747706972784,0.966453972459875,0.919,0.934679574056419,0.964882874890774,0.721818181818182,0.354920767762402,-0.00391102761883671,0.0054322900409871,0.00279056328969298,"down","hsa00510",48,8,8
0.315292778515875,0.315292778515875,0.294527518506018,0.195,0.406262556704527,0.477208328914769,0.754185814185814,0.42328466157917,0.0231285452039657,0.00346640994762545,0.00278927145260014,"down","hsa03050",43,8,8
0.467691587410359,0.467691587410359,0.533010709312101,0.466,0.630562722867076,0.654104277682541,0.765734265734266,0.94349164247812,0.0022944958247669,0.00306153033328432,0.00287206470645721,"down","hsa05010",342,8,8
0.265726971439617,0.265726971439617,0.414245744853035,0.293,0.355137668458703,0.465733772571206,0.519370629370629,0.13821468310063,0.00166862240687896,0.00323904125808383,0.00279674732493452,"up","hsa05120",70,8,8
0.739439076455444,0.665192494651836,0.737430534385444,0.74,0.737547625926471,0.762944557822243,0.892107892107892,0.616182040788692,0.00235525380497241,-0.000499342266738981,0.00279192602906428,"down","hsa00240",51,8,8
0.883955605082116,0.291913312830968,0.83923600889963,0.88,0.832620340089016,0.797104004764537,0.625624375624376,0.860757551021352,-0.014340148089299,0.000700726977092573,0.00278695389249419,"down","hsa04130",33,8,8
0.978360030416733,0.0542500114371625,0.777018799792337,0.88,0.872605419785996,0.782227469862756,0.706293706293706,0.763255864358985,-0.00568084259650672,0.000164231837337697,0.0027809938002609,"down","hsa00130",11,8,8
0.210095151913611,0.210095151913611,0.219533968444388,0.15,0.21491219243907,0.273498104559684,0.318491508491508,0.257794558168215,0.00120831092655446,0.00226347612901909,0.00279848806246599,"up","hsa04976",76,8,8
0.207084560713092,0.207084560713092,0.197768251074785,0.234,0.278660944912677,0.260372839327989,0.906973026973027,0.187822309226691,0.0022860703204241,0.00519272057386445,0.00279382198113004,"down","hsa05217",60,8,8
0.445829040568503,0.445829040568503,0.502777009335419,0.618,0.563478362659438,0.474258500322994,0.81052947052947,0.417607345675246,-0.00408534137193602,0.00413747809541433,0.00279343043230073,"down","hsa04623",58,8,8
0.989514771991662,0.0262833255082284,0.748092825554979,0.843,0.860618699770059,0.811972983643546,0.934755244755245,0.624934254500608,0.0258595915539217,0.00836905468415898,0.00278449367304807,"down","hsa04966",27,8,8
0.562632947948689,0.562632947948689,0.90139512911939,0.772,0.821982575418374,0.903745076810404,0.373906093906094,0.92805568595582,-0.00113708646286134,0.00630790235740658,0.00279073578656107,"up","hsa05110",49,8,8
0.763264820816441,0.602392574456377,0.627387434485194,0.572,0.64640494474325,0.675540645297324,0.303606393606394,0.289908281543834,0.00833176535639482,0.00412410025886353,0.00278493741564743,"up","hsa00601",27,8,8
0.58735019398869,0.587350193988691,0.49324939278236,0.547,0.510712329243111,0.485749644578672,0.486883116883117,0.489375303633218,-0.0114764892422971,0.0032670052274242,0.00278150859046042,"up","hsa00603",14,8,8
0.0716915666653879,0.0716915666653879,0.140699706043087,0.13,0.120779557217792,0.13026311787463,0.799040959040959,0.307468552996222,-0.00266422537203539,0.00213781407821773,0.0028010289014505,"down","hsa04512",85,8,8
0.0264583471250555,0.0264583471250555,0.063378542304599,0.06,0.0893830934460767,0.0937050918927943,0.27002997002997,0.247410047834702,-2.13570862403054e-05,0.00330992088780018,0.00280526188581784,"down","hsa05146",101,8,8
0.144790134347874,0.144790134347874,0.116133483978572,0.133,0.0874263300958299,0.0837112948657209,0.445884115884116,0.141438033572628,-0.00537068061669304,0.000156175678124636,0.00279602908439138,"down","hsa00010",66,8,8
0.980425129985224,0.0490718458427141,0.850580172167989,0.74,0.87381104513022,0.883698292618244,0.390849150849151,0.158751494089294,0.00867519238924163,0.0048809151293904,0.0027940691470162,"up","hsa00561",61,8,8
0.0663427888840009,0.0663427888840011,0.0900420778149372,0.081,0.0969423586532112,0.11477047924147,0.373796203796204,0.0955134928199817,-0.00141727633997746,0.00188077996265262,0.00278789597599513,"down","hsa05216",37,8,8
0.700525142787239,0.700525142787239,0.824018932642554,0.738,0.816516503631395,0.874436764406131,0.956903096903097,0.949520388376993,0.00304386389616312,0.0036852363689662,0.00285311082169285,"up","hsa04060",275,8,8
0.949982972611244,0.125456321246237,0.930665120035782,0.953,0.977751565720795,0.941569710524081,0.752267732267732,0.966789769978989,0.00713418734767271,0.00220238941611974,0.0027889216999304,"down","hsa00380",41,8,8
0.825808982492992,0.440159661418756,0.878563547491339,0.839,0.891901541016861,0.915673841401082,0.522127872127872,0.969985229406571,0.0196011773258911,0.000391105837857944,0.00279092930876702,"up","hsa00270",48,8,8
0.948893445967274,0.128192856189276,0.763740622569708,0.979,0.966903704322095,0.760557961756349,0.625374625374625,0.725486228797693,-0.0129764942243059,0.00412333310055136,0.00278060949332228,"down","hsa00430",11,8,8
0.0897532084509929,0.0897532084509924,0.213490354514063,0.153,0.177214881716623,0.235828087443236,0.401418581418581,0.134064532936667,-0.000709671652112977,0.00283193052918249,0.00280037855383435,"down","hsa04260",83,8,8
0.886553462353484,0.285333285626288,0.954146461969907,0.849,0.87833312692037,0.96053530810743,0.811698301698302,0.916961502162662,0.0026515485676204,0.00459536564896752,0.0028015169007241,"down","hsa05410",88,8,8
0.328929947116605,0.328929947116605,0.423815335146282,0.396,0.4216595350162,0.449991552069994,0.988061938061938,0.387940102680845,-9.35090691227893e-05,0.00402560209582276,0.00280299549797757,"down","hsa05414",93,8,8
0.494925516140858,0.494925516140858,0.686174311181795,0.485,0.60245584524169,0.731897801546208,0.607682317682318,0.547966367993955,0.00317402643570256,0.00345011755479259,0.00280052760981923,"up","hsa04540",84,8,8
0.418555701557211,0.418555701557211,0.517319983509976,0.528,0.483906888480545,0.486429284286183,0.785784215784216,0.734828002695014,-0.0269310813104308,0.00848336745872961,0.00277991531080703,"up","hsa00920",10,8,8
0.608450741061063,0.608450741061063,0.530795019752195,0.637,0.621622628405668,0.530010616999293,0.861078921078921,0.365432432840925,-0.00127227939632864,0.00346724815215789,0.00280334951080475,"down","hsa04070",94,8,8
0.691468517532635,0.691468517532635,0.681472400413507,0.73,0.779433271411835,0.740139376272919,0.996133866133866,0.917130481314621,0.00609269162503453,0.00411083737533496,0.00279552464147689,"down","hsa04720",66,8,8
0.878275869285571,0.306310442388406,0.849899957471152,0.826,0.851347218920964,0.858347905795231,0.926953046953047,0.735461065312213,0.000219379113609075,0.00372951045897656,0.00279698965830097,"down","hsa00562",71,8,8
0.882476871509428,0.295660155514429,0.700244427050662,0.842,0.843407725054399,0.70199757507254,0.886793206793207,0.791844009856647,-0.0042908094781873,0.00223105217649663,0.00278405401392273,"up","hsa00062",23,8,8
0.45360298446446,0.45360298446446,0.512989708573335,0.631,0.531690694241993,0.439885836901502,0.938641358641359,0.762141640160664,-0.0093387183618441,0.00334753839554212,0.00278914859658672,"up","hsa00071",42,8,8
0.182414124845062,0.182414124845062,0.130463902524758,0.164,0.129050045979341,0.112160116207796,0.301878121878122,0.0807624890445071,-0.0056737441539418,-0.000163755675511286,0.00279111967369021,"up","hsa00280",48,8,8
0.845438326726812,0.389884068772375,0.830336809412772,0.844,0.889792282797367,0.879444390449676,0.995904095904096,0.825223772612722,0.00707496897816102,0.00488151740437448,0.00281009420361907,"up","hsa04650",120,8,8
0.744266776722467,0.65241656130529,0.953401399679478,0.813,0.855124970471969,0.95988165106778,0.935984015984016,0.887604404612786,0.00424856887136571,0.00395773467578016,0.00279256634075123,"up","hsa05014",55,8,8
0.52370016917346,0.52370016917346,0.509017560058573,0.513,0.652990523805896,0.644769925857235,0.598811188811189,0.915311513975226,0.00392196757445724,0.00336276562407871,0.00283972460700928,"down","hsa05012",227,8,8
0.444996599018905,0.444996599018905,0.323210632529944,0.419,0.521373502846487,0.447967759938543,0.879090909090909,0.6041031257966,0.00545475585844808,0.00395932607889543,0.00280397672310852,"down","hsa04916",97,8,8
0.56622665231769,0.56622665231769,0.487940313806868,0.494,0.536177858176174,0.537060214825931,1,0.586815222225938,0.00303587963097283,0.0015579011657246,0.00278981646474726,"down","hsa04962",44,8,8
0.681058422773654,0.681058422773654,0.675326970322066,0.712,0.784376435443586,0.754261832829623,0.992007992007992,0.917636382971404,0.00476440097741412,0.00378422877285551,0.00281464951538067,"down","hsa04140",136,8,8
0.00279627191654486,0.00279627191654486,0.0107218817328422,0.005,0.00307021883653314,0.00614315204676798,0.0467702297702298,0.00523526510512971,-0.0123370217222326,-0.000422268946142342,0.00278788119342188,"up","hsa03030",36,8,8
0.0333019489009246,0.0333019489009247,0.0517769684085704,0.046,0.0264551925158098,0.0306188673551461,0.20954045954046,0.0112647455709807,-0.0101273651209495,0.00284931104916158,0.00278892604254999,"down","hsa00600",41,8,8
0.93566733668543,0.161433195765579,0.898658117447276,0.913,0.940135709276856,0.891342268967401,0.26021978021978,0.768388168066262,-0.0125018859628911,0.0066183086785752,0.00278254418588465,"down","hsa00100",19,8,8
0.574821192078078,0.574821192078078,0.583692921162898,0.585,0.639320428366378,0.633276759409039,0.470889110889111,0.79642940562667,0.00863654963816194,0.00604265796436917,0.00278366638889674,"up","hsa04977",23,8,8
0.561030704785911,0.561030704785912,0.459699122768919,0.535,0.532895835760137,0.482521102442965,0.873836163836164,0.430801457040499,-0.000395798459821925,0.00271205933274686,0.00278999187850876,"down","hsa00514",45,8,8
0.859212630011439,0.354753088861352,0.837883661996248,0.765,0.794456471184753,0.862346890404753,0.889450549450549,0.653229422525707,0.0191430228732027,0.00364067367686008,0.00278172900203243,"down","hsa00450",15,8,8
0.283882200639836,0.283882200639836,0.303532244149566,0.371,0.198231411793564,0.152616927217826,0.0859340659340659,0.193553604148587,-0.0348413460097162,0.000263999673783277,0.00278290791942509,"down","hsa00670",18,8,8
0.585977646347308,0.585977646347308,0.539635955196631,0.701,0.610529919856512,0.469663173589002,0.784265734265734,0.651480697178973,-0.0135265644891526,0.00561593356977464,0.00278537575081414,"down","hsa03020",29,8,8
0.609243219966556,0.609243219966556,0.615820916485933,0.667,0.713614301675264,0.674844916790609,0.560919080919081,0.647759286839811,0.00762267575921226,0.00423984636110547,0.00278844975913565,"down","hsa03022",40,8,8
0.441423205371016,0.441423205371016,0.485341256591887,0.467,0.527368418655452,0.525603613290455,0.853756243756244,0.714426310462059,0.00375991788826104,0.00453711870159929,0.00278354789382221,"up","hsa00900",22,8,8
0.569904257550727,0.569904257550727,0.576257055416198,0.664,0.684747247417014,0.606535359157123,0.83004995004995,0.9307826401605,0.00107631734105151,0.00509228215514973,0.00279193253858107,"down","hsa04330",53,8,8
0.209220679004919,0.209220679004919,0.27815924823853,0.314,0.348795495290284,0.327603548867105,0.825324675324675,0.239272184351405,0.00038919989829462,0.00331938512059352,0.00283040759649922,"down","hsa04020",192,8,8
0.666549441507492,0.666549441507492,0.522618203241636,0.625,0.71614855077306,0.637709440523155,0.943196803196803,0.814560663662935,0.00823181171452716,0.0041356941575993,0.00280037600242688,"down","hsa04970",84,8,8
0.763661734003161,0.601351574136159,0.749785936719912,0.685,0.776474669845128,0.814832596774127,0.736773226773227,0.626494201717588,0.00977968394158404,0.00528016899692556,0.00279726491915025,"up","hsa04971",73,8,8
0.701615274896828,0.701615274896828,0.841477008289791,0.778,0.711118987633971,0.808154116762626,0.291028971028971,0.599691269960859,-0.0193284366970274,0.00158198618846712,0.00278386172920537,"up","hsa03430",22,8,8
0.751359089413535,0.6336956074151,0.855792090432996,0.775,0.806723130741094,0.874657624793945,0.936793206793207,0.939475906743981,0.0114908537941745,-0.00583082440825414,0.00278373955523184,"down","hsa00040",19,8,8
0.433886793425461,0.433886793425461,0.512152804090145,0.387,0.469047876834951,0.583215260802772,0.688801198801199,0.327356874792653,0.0221016271122021,0.00624908892474339,0.0027812030987023,"down","hsa00053",14,8,8
0.568834576002801,0.568834576002801,0.394101057331502,0.327,0.597512837749276,0.620577610556645,0.835834165834166,0.616172986046281,0.0576117174293235,0.000225969930169957,0.00278629220411144,"down","hsa00500",31,8,8
0.719687751299381,0.7177522759216,0.880722045977087,0.786,0.8209193498367,0.897474538200642,0.831868131868132,0.893963518950833,0.00837959245451931,0.00309885670665424,0.00278557912031361,"down","hsa00860",29,8,8
0.198033107219317,0.198033107219317,0.196274950436333,0.201,0.134091227198879,0.156606159810736,0.555774225774226,0.0647746001886789,-0.00555148682211926,-0.00222640401693341,0.00279406424875523,"down","hsa00980",58,8,8
0.325679337903636,0.325679337903636,0.442638757932658,0.409,0.314986842690293,0.345400688918245,0.973706293706294,0.281203906268575,-0.00847767328159215,0.00149014011432871,0.00279234755136043,"down","hsa00982",53,8,8
0.363918091849769,0.363918091849769,0.409202412984716,0.428,0.452420135235337,0.42563232820283,0.657822177822178,0.494700615684122,-0.00069216143077775,0.00332486033156469,0.00279978125638446,"up","hsa04610",81,8,8
0.860772616620494,0.350781478979656,0.848916775916203,0.848,0.872777930585601,0.861672261386113,0.889000999000999,0.397569569166649,0.000690587880289218,0.00260282313963525,0.00281081215816631,"down","hsa04740",121,8,8
0.135803817602285,0.135803817602285,0.113470973948301,0.128,0.100985283016332,0.0866604534757508,0.745274725274725,0.0546227700654704,-0.021539164335735,0.00109777793620821,0.0027822704429033,"down","hsa00511",16,8,8
0.395092910618791,0.395092910618791,0.51688363575967,0.516,0.480983142984116,0.49073679285929,0.434045954045954,0.522997053638285,-0.0102015394874081,-0.0006042796986048,0.00278433789005478,"down","hsa00340",23,8,8
0.853275169668928,0.369882363675183,0.900137414999194,0.815,0.835865518771541,0.910467106223501,0.960619380619381,0.660631090381915,0.00765246493845192,0.00651856104416452,0.00278226661450236,"down","hsa00531",18,8,8
0.988527333977886,0.0287587000578517,0.754479799943368,0.996,0.960758957570071,0.734445165250061,0.63022977022977,0.834153369685309,-0.0153732089206711,0.00593148981148726,0.00278206791692784,"down","hsa00120",17,8,8
0.0971668155116735,0.0971668155116729,0.0684263157445223,0.075,0.125306845707533,0.12129525840306,0.63996003996004,0.268781242650031,0.00392432795939798,0.00297517170182629,0.00278831539539278,"down","hsa00620",39,8,8
0.611453167477407,0.611453167477407,0.683147622299954,0.649,0.665846061343047,0.686262280455524,0.85986013986014,0.644167855261494,-0.00394641491756779,0.00631120260696122,0.00278365534114282,"down","hsa03060",23,8,8
0.617672845819879,0.617672845819879,0.71238468007599,0.742,0.725080870675903,0.705849606882416,0.68963036963037,0.967313662159096,-0.00451960058390841,0.00224021646719846,0.00278705170930036,"down","hsa05020",34,8,8
0.834739778389185,0.417253111083025,0.742254275987942,0.754,0.762503415587942,0.745786621532654,0.31991008991009,0.718242628358101,-0.00351474916907866,0.002851774795173,0.00278399249078508,"up","hsa01040",23,8,8
0.982236073443502,0.0445312397531721,0.851495351065552,0.874,0.749710593830339,0.757087524302655,0.906763236763237,0.819993116137125,-0.0318398559463363,0.00113460990371503,0.00278419423716859,"up","hsa04964",23,8,8
0.890032394278703,0.276526435411681,0.993098007035013,0.959,0.943067939580516,0.993135161041665,0.948151848151848,0.899039490200698,-0.00245244154112071,0.00270219234163538,0.00278809179300702,"up","hsa00260",38,8,8
0.757106705500262,0.618564832538942,0.795349236629114,0.782,0.837805233820586,0.847175032725161,0.794035964035964,0.820481864069337,0.00935780560295515,0.00422057972149783,0.0027971034200827,"down","hsa04742",72,8,8
0.942418546696426,0.144460814961067,0.905314293253986,0.956,0.958291252091007,0.913895535304576,0.745394605394605,0.769615892542369,0.00334867709005017,0.00552547737966554,0.00278562345789767,"up","hsa00512",30,8,8
0.110193982116286,0.110193982116286,0.109193352967622,0.198,0.051813298906382,0.0350079653444886,0.433116883116883,0.0474984050217236,-0.0389417021826443,0.000184674369292368,0.00278236948003268,"up","hsa00910",16,8,8
0.744308710267506,0.652305706474054,0.785189123091643,0.851,0.835377057629416,0.809184865866555,0.842367632367632,0.931753470643674,0.00353263280449004,0.0022980108897648,0.00279001377089079,"up","hsa00330",45,8,8
0.713071790668214,0.713071790668214,0.616515527201303,0.625,0.769244047921766,0.761385054501007,0.952807192807193,0.821629406892489,0.0658226625273221,0.0100321918591858,0.00278347257141243,"up","hsa00534",24,8,8
0.59896643819003,0.59896643819003,0.337203047211009,0.462,0.460822722925384,0.375087101963243,0.922667332667333,0.213432193790387,0.000816844820134571,-0.00250134130136876,0.00278804473273849,"down","hsa00350",36,8,8
0.936319440109166,0.159793335499821,0.874653339374079,0.988,0.968025852577271,0.885019204268551,0.922367632367632,0.751018726940906,0.00310373957241037,0.00482776170819343,0.00278460597043428,"down","hsa00650",26,8,8
0.577161159972229,0.577161159972229,0.756258849672208,0.657,0.601376998984493,0.703481751213483,0.833826173826174,0.630516828853935,-0.00825674661749069,0.00227502536934795,0.00279199438874224,"up","hsa00480",52,8,8
0.44955217771868,0.44955217771868,0.446404953005814,0.555,0.348923447564262,0.299412031245853,0.365384615384615,0.115560202414634,-0.026506849435747,0.00230067671491522,0.00278379948036518,"up","hsa04614",22,8,8
0.464429384614149,0.464429384614149,0.490061764180766,0.528,0.663749000169717,0.636460216425606,0.977842157842158,0.796509072775379,0.0202771283468239,0.00781665714766594,0.00279019998485865,"down","hsa04340",48,8,8
0.245351808155823,0.245351808155823,0.325828589698099,0.317,0.162093718493885,0.163014364426608,0.448251748251748,0.06256837870698,-0.0174237846998461,0.00310798219334304,0.00278755167657029,"up","hsa00250",36,8,8
0.723462704573961,0.707669565980936,0.730855935628615,0.852,0.79500153719799,0.677209035296698,0.691838161838162,0.936079711075183,-0.0139532182472429,0.00278857400013906,0.00278592657052073,"down","hsa00630",30,8,8
0.729400166583929,0.691847108204436,0.598171835724966,0.662,0.676751035780141,0.625762224193827,0.925544455544456,0.449763068522416,0.00184119920135157,0.00312620997065249,0.0027850456936874,"up","hsa04744",27,8,8
0.481237864832551,0.481237864832551,0.274796117263128,0.413,0.510241713339244,0.395013504440489,0.838681318681319,0.473226357764257,0.0104655980917465,0.0062961741511833,0.00278986070680303,"down","hsa05144",46,8,8
0.954572282410808,0.113931991964472,0.817732720558867,0.961,0.993692993145309,0.836967843268847,0.752167832167832,0.821738514616301,0.00416553878804287,0.00263567937340415,0.00278698985361746,"up","hsa00640",34,8,8
0.68755731568438,0.68755731568438,0.776840779071865,0.72,0.681073074424423,0.734483095560112,0.906163836163836,0.739314338769314,-0.0258960147624977,-0.00293641639383065,0.00278266656919818,"up","hsa00360",16,8,8
0.243821668797004,0.243821668797004,0.278196325128526,0.24,0.197417729220892,0.233899260799133,0.0218991008991009,0.143954313891568,-0.0131203368192251,0.00168457169569548,0.00278439120884801,"up","hsa04950",24,8,8
0.555524805171278,0.555524805171278,0.445841122679454,0.5,0.613116029011432,0.571832896059297,0.896723276723277,0.691693480000116,0.0197585812807291,0.00635305290791501,0.00278658509682571,"down","hsa05143",34,8,8
0.308756100397469,0.308756100397469,0.47022141596486,0.376,0.408341861555731,0.490292030761216,0.316923076923077,0.608936329094171,-0.00118965672652485,-0.00142557828615111,0.00278495107833219,"up","hsa00790",25,8,8
0.467468080921908,0.467468080921908,0.607082807082708,0.543,0.554789749951094,0.603304772771499,0.8001998001998,0.654725700582538,-0.00432373692421433,0.00354488224278707,0.00278610541874418,"down","hsa00410",31,8,8
0.396652404653759,0.396652404653759,0.492001378681986,0.459,0.484152420997757,0.513436692424071,0.832487512487512,0.635049765342804,-0.000977619385029126,0.00578330475436381,0.00278261629003457,"down","hsa00770",19,8,8
0.89838411980139,0.255405737369007,0.933087489005079,0.916,0.901335731781631,0.926593555612071,0.904375624375624,0.996420643098575,-0.00843053116699035,-0.00115429005471728,0.0027868467347522,"up","hsa00051",32,8,8
0.773510789862963,0.575571385364635,0.822539639723545,0.818,0.830988649784955,0.831248743656761,0.914315684315684,0.950457357712101,-6.66212726003495e-05,0.00361041504964952,0.00278228449711488,"up","hsa00061",17,8,8
0.224516905488367,0.224516905488366,0.203370649915768,0.215,0.257043801212545,0.246243067718654,0.567792207792208,0.214673572614648,0.00128153130452159,0.00439246233922001,0.00278546655182492,"up","hsa00030",29,8,8
0.216369070781487,0.216369070781487,0.287376908807739,0.25,0.208106443798328,0.226105953502308,0.442087912087912,0.375722742428093,-0.0122230149524166,-0.000518717883812694,0.00278624591330614,"down","hsa00052",30,8,8
0.545743858102782,0.545743858102782,0.554966552884727,0.553,0.522336168199219,0.526122202153634,1,0.57899048019534,-0.00662638857094495,0.0022041038925481,0.00278788094364271,"up","hsa04960",37,8,8
0.129121681612063,0.129121681612064,0.0878105210130665,0.143,0.177157479824945,0.135015848903922,0.568981018981019,0.110958524229796,0.00677404588532868,0.00725976250767205,0.00278111112991592,"down","hsa00604",14,8,8
0.400315460161483,0.400315460161483,0.315356796416038,0.324,0.389850903025889,0.369685646422775,0.428021978021978,0.427363500045661,0.0257116922393868,-0.000279090498846542,0.00277940733524032,"down","hsa00524",5,8,8
0.312515219246428,0.312515219246428,0.30260779754167,0.341,0.363336973655111,0.321648112439138,0.547332667332667,0.492197530760566,-0.00429354082623448,0.0024238087501152,0.00278185944517017,"down","hsa00730",15,8,8
0.660104811541015,0.660104811541015,0.313939202021543,0.359,0.423783331763947,0.388740664002881,0.680879120879121,0.198389043599353,0.0521189509875994,-0.00781448266576557,0.00278014095297293,"up","hsa00471",5,8,8
0.83353082714742,0.420350675864576,0.862658327113137,0.924,0.872843774829702,0.839716644801784,0.992027972027972,0.97767258583396,-0.0592039525272542,0.00508945710404297,0.00277943303899923,"up","hsa04122",7,8,8
0.120166822692372,0.120166822692372,0.218604914854823,0.183,0.186663913294993,0.198729838757801,0.479140859140859,0.124509535009657,-0.0578234802627965,0.0117393537399622,0.00277823923369399,"down","hsa00750",5,8,8
0.942850360340068,0.143375612643219,0.903391756477797,0.996,0.987131302512279,0.905357656404332,0.936643356643357,0.805718427165162,-0.00685048987177254,-0.00150895311380736,0.002780885729753,"down","hsa00072",10,8,8
0.301965242155882,0.301965242155882,0.423050376097092,0.336,0.263604379458886,0.317638271886554,0.400599400599401,0.403258897948809,-0.0657158383458194,0.000780051504932832,0.00278012732708321,"down","hsa00740",8,8,8
