meaca,meaca_n,MRGSE,SigPathway,CAMERA_ModT,CAMERA_Rank,GSEA,QuSAGE,testSetCor,interCor,backSetCor,status,target_geneset,gene_setsize,n_normal,n_disease
0.937021446061092,0.158028104171322,0.994034198114178,0.963,0.967558907378103,0.993920815600583,0.703166833166833,0.913414048392031,-0.0339505703506636,0.00148210491322273,0.00277923841534166,down,hsa00232,5,8,8
0.821094406654814,0.452275186402994,0.707404861205407,0.688,0.772207457666961,0.787022456173815,0.675424575424575,0.896570750518233,0.0131146675127138,0.00296812908126268,0.00279394788265001,down,hsa00983,60,8,8
0.942306023175489,0.144743607777965,0.917887037851797,0.95,0.982115032669612,0.95647532027851,0.541108891108891,0.898827261498011,0.019299505904711,0.00301000924555789,0.00281038687765823,up,hsa00230,122,8,8
0.359935945975239,0.359935945975239,0.611650706451462,0.398,0.478046169616317,0.628126041057631,0.119140859140859,0.847605020331099,-4.74945594166365e-4,0.00303921645960042,0.00278750746495643,up,hsa05340,36,8,8
0.460490364693113,0.460490364693113,0.24427422460848,0.34,0.569043770538089,0.497134579322878,0.815214785214785,0.505461036379596,0.0122791244660498,0.00597134750396373,0.00281490713144414,down,hsa04514,139,8,8
0.227438336685699,0.227438336685699,0.175883037709718,0.15,0.340366788393984,0.37964737549076,0.518711288711289,0.394096968089973,0.0153521012114277,0.00329205255112375,0.0027979260794172,up,hsa05412,75,8,8
0.547779444649184,0.547779444649184,0.548658484715883,0.478,0.70978520238757,0.749195128878494,0.381008991008991,0.7921385124792,0.00814008413177545,0.00416101697638949,0.0028542939823219,up,hsa04010,283,8,8
0.575941666043332,0.575941666043332,0.24330795289205,0.409,0.561584110349135,0.4522541910726,0.363926073926074,0.604104842375303,0.0142966335521117,0.00452247255742242,0.00280023682502333,down,hsa04012,84,8,8
0.0386142332272289,0.0386142332272288,0.00198304318507499,0.007,0.145563147683033,0.123813184147051,0.269270729270729,0.0825189523297201,0.0138481181150864,0.00637250251995058,0.00282545668378477,down,hsa04062,179,8,8
0.522983364554993,0.522983364554993,0.105975313796717,0.153,0.570653729325771,0.52649366744916,0.49030969030969,0.579180210651745,0.033871308621371,0.00251162308347683,0.00281703161469152,down,hsa04150,150,8,8
0.310787813038094,0.310787813038094,0.00640703424310647,0.005,0.373043708838664,0.38782302068375,0.334675324675325,0.341240264621431,0.0626982233667646,0.00338460550618597,0.00281094831815923,down,hsa04210,131,8,8
0.902673819982719,0.244568714862234,0.710627809270108,0.755,0.849081064980256,0.837369593090601,0.637962037962038,0.680453577530512,0.0370583662823181,0.00590751154846339,0.00279240617697878,down,hsa04370,56,8,8
0.264385408418594,0.264385408418593,0.159897732256906,0.079,0.401740218128283,0.466043409810251,0.233716283716284,0.366522440345304,0.0194270238884646,0.00537915235818959,0.00281094260858939,down,hsa04380,125,8,8
0.818360152379841,0.459309260579584,0.343131010979113,0.748,0.762261683335432,0.522897131155836,0.636723276723277,0.768215798268862,0.00518867374797806,0.00463526833174598,0.00283094687764149,down,hsa04510,196,8,8
0.126515011774739,0.126515011774739,0.044198579525035,0.086,0.252444253583234,0.194578670272365,0.111998001998002,0.316879795703407,0.00721467138061505,0.00330982126158633,0.00281920484510269,down,hsa04530,153,8,8
0.168904590263063,0.168904590263063,0.00749041026655674,0.016,0.249857317164307,0.230071501738802,0.321548451548452,0.259425987675388,0.0362845024652399,0.00265259820974773,0.00280290005704677,down,hsa04620,95,8,8
0.0465330389170064,0.0465330389170064,0.0230838168450544,0.008,0.15115360090806,0.183845221608388,0.231848151848152,0.0956905917406801,0.00987082217023179,0.00471233453861006,0.00282026626739125,down,hsa04630,158,8,8
0.334412270372306,0.334412270372306,0.253342324210581,0.186,0.447335674193251,0.483664982416609,0.660599400599401,0.471583420493043,0.0141264966802344,0.00472705757342722,0.00280504809522386,down,hsa04660,102,8,8
0.589008557569938,0.589008557569938,0.348290187982515,0.275,0.678636761097482,0.720184306334939,0.934895104895105,0.783661024592652,0.0684990111226797,0.0030457387540894,0.00279848693737534,down,hsa04662,80,8,8
0.668976038011524,0.668976038011524,0.688951830967451,0.611,0.703872993399354,0.756781363765009,0.956133866133866,0.726691993466052,0.00850976971919331,0.00256092974952507,0.00279483905988189,down,hsa04664,63,8,8
0.224056237712994,0.224056237712994,0.0469583912996378,0.042,0.305327830896823,0.317861693267309,0.773406593406593,0.322567564833254,0.0297992884676189,0.00291415120134726,0.00280092148966063,down,hsa04666,87,8,8
0.809160144531843,0.483019283638019,0.507803734685833,0.642,0.813993825272567,0.743421649507524,0.46016983016983,0.774465474451095,0.0242926398421727,0.00192017658974944,0.00280900827563939,down,hsa04722,117,8,8
0.811652190408647,0.476590280276965,0.42161662000719,0.632,0.770656446721832,0.665304441498067,0.933126873126873,0.742050111436243,0.0164415309264615,0.00375624169453632,0.0028138704480575,down,hsa04910,135,8,8
0.838433192575505,0.407796039523236,0.505361681210037,0.591,0.812108130823009,0.763820898792148,0.298621378621379,0.793021160822205,0.0417516094761732,-4.16227969097109e-4,0.00280103325227272,down,hsa04914,87,8,8
0.350295692720404,0.350295692720404,0.0934011333617197,0.122,0.48091682777582,0.44286511547872,0.74000999000999,0.530129547242913,0.0504233658018321,0.0067452780187538,0.00279532688099842,down,hsa04920,68,8,8
0.504617942736528,0.504617942736528,0.610580374290421,0.415,0.477775857893603,0.635144717110411,0.867072927072927,0.325597492184944,8.37231865602488e-4,0.00485254777043753,0.00278868743381517,down,hsa04973,41,8,8
0.401349062190455,0.401349062190455,0.32601606682392,0.33,0.442027037541313,0.42399996944738,0.415524475524476,0.285747683568493,0.0035519343592519,0.00426029072710827,0.00280453590392475,down,hsa05142,99,8,8
0.94919144732201,0.127444350525231,0.742612263461012,0.844,0.886898213045644,0.842714534392122,0.666343656343656,0.4977103638419,0.0149879939358061,0.00396144909432009,0.00280563688869598,down,hsa05145,104,8,8
0.469938891478106,0.469938891478106,0.0379054326459357,0.066,0.569747840902005,0.517812085854223,0.571858141858142,0.729197319590263,0.0580142092034829,0.00270749585589609,0.00281547627209005,down,hsa05160,149,8,8
0.242829518413597,0.242829518413597,0.0529688811474841,0.081,0.362477915012903,0.303215386961237,0.343456543456543,0.287435433608168,0.00431351530602545,0.00319017652333509,0.00291977392996795,down,hsa05200,515,8,8
0.288955041410579,0.288955041410579,0.0109747943090055,0.026,0.349347372947771,0.30144256845272,0.364085914085914,0.437862581683012,0.0531766321391227,0.00164985629046158,0.00280012129226558,down,hsa05210,85,8,8
0.149446550786302,0.149446550786302,0.00952377756865615,0.006,0.243890066796305,0.223497337983989,0.718021978021978,0.332476465332914,0.0450063045976801,0.0043629324516302,0.00279561897097659,down,hsa05211,68,8,8
0.48720940320622,0.48720940320622,0.034919497006042,0.054,0.517100674255499,0.481985799321205,0.516273726273726,0.454860404152805,0.0975267703510381,0.00185159968188215,0.00279721396549052,down,hsa05212,76,8,8
0.67054847382746,0.67054847382746,0.340396208557282,0.469,0.696949222014943,0.619551813126441,0.512207792207792,0.71464969674613,0.0422643197644241,0.00263428046938987,0.00279321119918907,down,hsa05213,58,8,8
0.827540700065751,0.435713567135495,0.666044879889701,0.958,0.988974862205806,0.755172570650356,0.557282717282717,0.774995411571052,0.0103991376481253,0.00188887695064177,0.00279785908045613,up,hsa05214,74,8,8
0.559876455958934,0.559876455958934,0.256529428725935,0.285,0.525305237713587,0.487977294263601,0.212477522477522,0.568695633024012,0.0150320731178336,8.45589518781048e-4,0.00280406779626585,down,hsa05215,97,8,8
0.596682450225919,0.596682450225919,0.219957669224886,0.312,0.487165583109996,0.407770381025117,0.5900999000999,0.391310066613782,0.0137836870689485,0.00303885780934068,0.00279716489695243,down,hsa05218,72,8,8
0.42184027003021,0.42184027003021,0.0326380255655266,0.052,0.441681432435593,0.377046419939476,0.525574425574426,0.518440568047863,0.0585369273673941,0.00119040639829897,0.00279755798554379,down,hsa05220,75,8,8
0.433748739672912,0.433748739672912,0.178930008076412,0.192,0.516145973070889,0.496200536839347,0.6003996003996,0.738939441033445,0.0397141196678855,0.00539569640647486,0.00279505398517276,down,hsa05221,66,8,8
0.945335803519929,0.137130190222608,0.776519587809439,0.884,0.927046113105208,0.851882454084533,0.534485514485515,0.908245625981425,0.0125089828186589,0.00171794171420511,0.00280269394444436,down,hsa05222,92,8,8
0.478338066791447,0.478338066791447,0.130395370369239,0.202,0.521488541908296,0.468485528707511,0.697752247752248,0.455847968399956,0.0446661643507061,0.00296156588950724,0.00279575976466071,down,hsa05223,68,8,8
0.137953499226391,0.13795349922639,0.00103770643685835,0.003,0.188801669313789,0.166810183102061,0.367432567432567,0.201926781297585,0.048946823026484,3.40723596164113e-4,0.00279930289212242,down,hsa04146,81,8,8
0.437655126943525,0.437655126943526,0.192064352064672,0.096,0.505789280773881,0.565089710694851,0.862617382617383,0.552254350134969,0.0834163815621712,0.00338976552417086,0.00278978424473715,down,hsa00520,46,8,8
0.553057420139573,0.553057420139573,0.475333594192273,0.372,0.660309839728355,0.707470515685574,0.435804195804196,0.183176784695275,0.0274573241166186,0.00538911388295844,0.00280072115132519,up,hsa04974,87,8,8
0.409579555771719,0.409579555771719,0.164426434059326,0.203,0.534473522008632,0.506087054002094,0.515194805194805,0.672681706056048,0.045112834812752,1.95758388759951e-4,0.00279602545715439,down,hsa04622,68,8,8
0.490441686018943,0.490441686018943,9.70201562809534e-4,0.001,0.565030691927115,0.548659372921662,0.935934065934066,0.626212252072571,0.191956393545127,-0.0028861110404602,0.00280805669970995,down,hsa03013,143,8,8
0.155581169776699,0.155581169776699,2.53277919977499e-4,0.001,0.232825842736769,0.202933084873041,0.89027972027972,0.239793648725447,0.0462189085449207,0.00351179685540999,0.0028133348153554,down,hsa04145,138,8,8
0.00575967321647697,0.00575967321647708,9.18564314315811e-6,0.001,0.023300867162554,0.0161804222711679,0.0636893106893107,0.0766255399512359,0.0239952700231209,0.00453780852875923,0.00279503323100727,down,hsa04612,65,8,8
0.354205658895217,0.354205658895217,0.140005343165446,0.27,0.264350918597985,0.166414737698889,0.657542457542458,0.317024791458543,-0.00107471479878933,0.00278785077773116,0.00278944206262153,down,hsa04672,43,8,8
0.0343824998381425,0.0343824998381426,5.17795597579764e-4,0.002,0.0719628484917003,0.0490430958802096,0.55983016983017,0.14934430797369,0.0393321723028105,0.00435861531661993,0.00278805507788156,down,hsa04940,39,8,8
0.308318801390365,0.308318801390365,0.148021010686128,0.181,0.398873646898732,0.360357566351696,0.782827172827173,0.316853207637391,0.018079075060876,0.00530608133904794,0.00279635544830755,down,hsa05140,70,8,8
0.162478960290118,0.162478960290117,0.124306402634947,0.07,0.354119931008261,0.409845616217626,0.430609390609391,0.182435524325145,0.0292257693507813,0.00676671211609055,0.00279740173403785,down,hsa05150,75,8,8
0.540219573854581,0.540219573854581,0.294354706945583,0.326,0.533405488853806,0.5163215329857,0.735994005994006,0.25783501961031,0.0552640328441526,0.00700450111074133,0.0027843126961411,down,hsa05310,26,8,8
0.00635201002063701,0.0063520100206371204,7.10746564880551e-4,0.001,0.0344291903730082,0.0273969315468452,0.384615384615385,0.0902914882183923,0.0179060001927843,0.00646722545422697,0.00278980722674546,down,hsa05320,46,8,8
0.99267274292503,0.0183669679236022,0.952097222569784,0.952,0.968069090032449,0.970929479637732,0.965484515484516,0.842595978430324,0.0165856585528285,0.00271858062196292,0.00280278128630292,down,hsa05322,93,8,8
0.0450125719025153,0.0450125719025154,0.0034512856109740102,0.013,0.130442047141828,0.0989715484525354,0.295184815184815,0.134644028887451,0.0195174931525312,0.00557096015305095,0.00280031327227448,down,hsa05323,85,8,8
0.0641174192489193,0.0641174192489189,0.00119718834067738,0.002,0.0946917094104676,0.0712844604549013,0.634315684315684,0.137705637052569,0.0516130275133272,0.00630319763411539,0.00278624073400353,down,hsa05330,33,8,8
0.00272513047098333,0.00272513047098344,7.1468665273645e-5,0.001,0.0157228834157285,0.0112558594342482,0.170869130869131,0.0487579862351291,0.0219704288610504,0.00639085781304311,0.00278711266424502,down,hsa05332,36,8,8
0.12746704906019,0.12746704906019,8.28228690251995e-4,0.002,0.168163138624649,0.135320065983042,0.678891108891109,0.178872725184729,0.0625182211758409,0.00448032602983364,0.00279184495070302,down,hsa05416,54,8,8
0.800103085581565,0.506427386465736,0.384824895871948,0.488,0.756208868154003,0.708563052675505,0.833166833166833,0.396116239098057,0.0444616918855655,0.00442210511067847,0.00280178765476237,down,hsa04640,92,8,8
0.660079539101284,0.660079539101285,0.398401587109697,0.489,0.589447573347191,0.541791424679687,0.456483516483516,0.602692078387132,0.00815256371152195,0.00249673734277352,0.00280270512523818,up,hsa00564,92,8,8
0.424753813998609,0.424753813998609,0.345080055307194,0.345,0.407831028087455,0.420066696210034,0.286143856143856,0.372958056370554,0.00534372476514713,0.00331739599852945,0.00278909121163853,up,hsa00565,42,8,8
0.72623619623756,0.700273168550228,0.778665258786677,0.71,0.859314143931714,0.883019641353198,0.933266733266733,0.901153841538757,0.0436513953896941,0.00477991876708536,0.00279246789617169,up,hsa00590,56,8,8
0.831518044170186,0.425510053144227,0.781729513738724,0.739,0.86959549501159,0.880347453676467,0.700919080919081,0.68951940707715,0.0934853129526703,0.00223171863734125,0.0027841976295143998,down,hsa00591,24,8,8
0.978777677140484,0.0532027485381365,0.690519763924951,0.919,0.913333430716724,0.767859725465967,0.66037962037962,0.894244914114745,0.0351094874486513,0.00168721096593952,0.00278325507740935,up,hsa00592,20,8,8
0.303323374584829,0.303323374584829,0.406238697364554,0.256,0.546770304183707,0.643665405660105,0.811058941058941,0.87101778349886,0.0157545052005759,0.00489949928955958,0.00281165921064774,up,hsa04270,127,8,8
0.213335999749278,0.213335999749278,0.613296456203308,0.335,0.466283498787631,0.675971335555817,0.374145854145854,0.981649138497609,0.00584004722060175,0.00631798903623851,0.00279286729754732,up,hsa04730,57,8,8
0.0639405763929114,0.0639405763929115,0.119610173482295,0.103,0.218031827056911,0.226875448396952,0.271158841158841,0.539443891766708,0.00511689821537542,0.00509059070445722,0.00280115099054236,up,hsa04912,87,8,8
0.506410294955855,0.506410294955855,0.67646925436074,0.462,0.658644820032259,0.780161933818452,0.433696303696304,0.781302494555398,0.0116826077225823,0.00289785157409873,0.00280259497538287,down,hsa04972,92,8,8
0.291204520240893,0.291204520240893,0.141132476074625,0.161,0.354600052193421,0.317703413014106,0.534875124875125,0.261838472723842,0.0232367130853086,0.00445252716952097,0.00278863886598844,up,hsa04975,41,8,8
0.441237994258271,0.441237994258271,0.00541623575571978,0.01,0.462372210129353,0.421669181395301,0.455464535464535,0.408512434218122,0.043180805712388,0.00181943877690112,0.00283683292058458,down,hsa04144,235,8,8
0.990943768624368,0.0227010930672082,0.585714575420706,0.899,0.876007757864885,0.606126967784437,0.778001998001998,0.861037950745587,6.59547836777676e-7,0.00274944678343177,0.00281966459337689,up,hsa04310,153,8,8
0.810344623267579,0.479962935976783,0.767914786719372,0.737,0.856732848285769,0.866525969212721,0.566963036963037,0.89258610947817,0.0809620735066081,-0.00126469177968326,0.00278455539204737,down,hsa00563,24,8,8
0.635727603030429,0.635727603030429,0.093916625572044,0.108,0.679644152573184,0.66206808159776,0.578571428571429,0.712635722964902,0.181953526310792,0.00264694611726004,0.00279493422492843,down,hsa03008,71,8,8
0.195903025972074,0.195903025972074,1.45392369683926e-9,0.001,0.255058751666715,0.220925392424113,0.452657342657343,0.286041351030868,0.131392680705165,-0.00195729457019839,0.00281399823154339,down,hsa04141,160,8,8
0.590015686484528,0.590015686484528,0.0496308247044037,0.069,0.628077733557842,0.607443701542087,0.634895104895105,0.601744490100434,0.29920643430731,-0.00168110437718382,0.00278858453441773,down,hsa03420,43,8,8
0.154166297754845,0.154166297754845,2.92722001065147e-6,0.001,0.228701916776744,0.200731578117598,0.288491508491508,0.270893349052934,0.081177625768787,-7.88128733260987e-4,0.00281149651056469,down,hsa04120,135,8,8
0.271245295339616,0.271245295339616,0.289605180710368,0.235,0.417733788270206,0.471307262752347,0.801428571428571,0.35372866705835,0.00906553810890225,0.00513379505417148,0.00280648566126929,down,hsa04670,107,8,8
0.912368950680767,0.220101943711053,0.741690873080602,0.803,0.940730822086269,0.92114719747497,0.768691308691309,0.997818476455371,0.302642582569907,-0.00156235745322676,0.00278615096804903,up,hsa03410,32,8,8
0.283636941666534,0.283636941666533,9.89779463952187e-12,0.001,0.357746801180813,0.32031049910999,0.533666333666334,0.353361689604518,0.371227749945951,-3.70113951272166e-5,0.00279760189197712,down,hsa03010,113,8,8
0.807584151303341,0.487087619336834,0.215318662414147,0.229,0.799065397235291,0.790713809157812,0.977252747252747,0.717983546098667,0.161612222156845,-0.00565263816520487,0.00280618421501375,down,hsa04110,122,8,8
0.812797265598575,0.473637859033561,0.512397608341522,0.466,0.787344510661274,0.79642363868589,0.977252747252747,0.753285918359576,0.0443090403645126,-0.00261286067391352,0.00280829823364587,down,hsa04114,115,8,8
0.0224350756751931,0.022435075675193,0.0441327987578431,0.03,0.0323218396710986,0.0376653780205611,0.120799200799201,0.0280695242600084,-0.00333634596288126,0.00209857236266911,0.00280214705594813,down,hsa04350,89,8,8
0.0729537525056186,0.0729537525056188,0.0374340908872956,0.013,0.159778164419319,0.214021624025448,0.23046953046953,0.276257014498855,0.0539152905073171,0.00547901427153397,0.0027849938621729,down,hsa04710,28,8,8
0.31736657050717,0.317366570507169,0.00943512798477884,0.03,0.32883350835589,0.272973403145488,0.200799200799201,0.298272469055795,0.0222573524926031,0.00266803046112766,0.00282620716631011,down,hsa05130,183,8,8
0.367083446994317,0.367083446994317,0.228811933383931,0.228,0.434339943589191,0.433145466255012,0.482767232767233,0.300139308146935,0.0251545984061003,0.00566553601805447,0.00278984974899759,down,hsa00140,46,8,8
0.275700041819535,0.275700041819534,0.002241942026991,0.003,0.377860454895267,0.355939864995208,0.344915084915085,0.439276024204402,0.0544914848401639,0.00318640487643994,0.00281985450353739,down,hsa04621,167,8,8
0.248139185540991,0.248139185540991,4.40452230070031e-4,0.003,0.322635880745618,0.298046276809548,0.562687312687313,0.355497111745079,0.0765987050536674,0.0046833838178118,0.00280841905817596,down,hsa04142,123,8,8
0.380660766665455,0.380660766665455,0.0270689789580184,0.047,0.468177268150294,0.437586823987193,0.799060939060939,0.504161486756381,0.161008467020705,0.00447394075418864,0.0027880976827593,down,hsa00970,41,8,8
0.913954895670055,0.216102860180722,0.885944781641822,0.902,0.896380152890321,0.88311029450997,0.471868131868132,0.532768723269662,-0.00342593670300404,0.00502329618440647,0.00278950704378661,down,hsa02010,44,8,8
0.830361904328681,0.428474871222106,0.428251911401641,0.524,0.74756630120889,0.70222855892489,0.58006993006993,0.645199783345648,0.042170978731524,0.00427948126764435,0.00279669622355853,down,hsa05100,72,8,8
0.34503725023084,0.34503725023084,0.390112464517286,0.407,0.456748092782115,0.46034944476765,0.355674325674326,0.28816156557083,0.00290999998327844,0.00348425575063844,0.00279752706348656,down,hsa03320,73,8,8
0.384946518382179,0.384946518382179,4.26654341621134e-5,0.001,0.470022465115891,0.421748020357022,0.766703296703297,0.508754980930822,0.192837829984377,-5.56663016503332e-4,0.00280424926180524,down,hsa00190,120,8,8
0.684724949564035,0.684724949564035,0.0318821209461634,0.086,0.712804748453804,0.659590325181341,0.86030969030969,0.756414453696129,0.181794077242327,-0.00123879350825315,0.00280435248359161,down,hsa03040,118,8,8
0.781696747895998,0.554217123354698,0.613066788132269,0.685,0.769685868388387,0.731333047993485,0.824305694305694,0.709276326123909,0.052308386017423,0.00207138013024709,0.00278320202317048,down,hsa00532,20,8,8
0.0662552263832298,0.0662552263832297,0.00538709803509902,0.013,0.0861990774599481,0.0688505269945023,0.205294705294705,0.0532046090005125,0.00437768192506954,0.00269909037365504,0.00283505832652499,down,hsa04810,210,8,8
0.345671689069904,0.345671689069904,0.0171888662949471,0.011,0.420300368611735,0.437574021599122,0.547472527472528,0.38244672899412,0.0339117090103931,0.00300945801178462,0.00283650528491423,down,hsa05131,229,8,8
0.849837086349426,0.378652593098711,0.573997938899687,0.638,0.866179503733006,0.851077894616507,0.568571428571429,0.874900610291777,0.185100051533097,-8.50410108945565e-4,0.00278852357339955,up,hsa03440,41,8,8
0.497334019884661,0.497334019884661,0.3825679273821,0.425,0.470758743009459,0.457754176140035,0.246433566433566,0.381119011494524,0.0212709811504895,-0.00224457638427254,0.00278149193154537,up,hsa03450,12,8,8
0.305767276412708,0.305767276412708,1.1121196664423e-8,0.001,0.370183965448714,0.321191679407679,0.941578421578422,0.381752090963183,0.105003600838628,0.00155753420956312,0.0028355278837314,down,hsa05016,282,8,8
0.0820235070067664,0.0820235070067665,0.089017704499071,0.082,0.0472551769991226,0.0488973751524813,0.247212787212787,0.0994745208712739,-0.0136559130402144,-1.7312465768615e-4,0.0027870375069533,up,hsa00760,33,8,8
0.327246656719535,0.327246656719535,3.52440157317195e-4,0.001,0.408839507143446,0.387779039408865,0.415674325674326,0.452624836563023,0.195868061762371,-0.00339838279257183,0.00279638572944723,down,hsa03018,76,8,8
0.298616680186715,0.298616680186715,0.313219971940746,0.238,0.297583417459333,0.351098267753052,0.675124875124875,0.418559279960405,4.15288912907042e-4,-8.20824007548439e-5,0.00279435360898344,up,hsa00310,60,8,8
0.473199523992036,0.473199523992036,0.00286284520708135,0.003,0.578681512246209,0.552132822386041,0.863776223776224,0.529435718265794,0.0699441547538207,0.00547003588638545,0.00284974771929382,up,hsa04080,326,8,8
0.735131376175681,0.676615255431522,0.909422719204111,0.942,0.951334568856046,0.929485393817449,0.831208791208791,0.683878579912198,0.00770512206559961,7.35875523446384e-4,0.00279638032919964,up,hsa04520,68,8,8
0.668359502452745,0.668359502452745,0.704338865409254,0.715,0.723919522694813,0.728009998432355,0.807882117882118,0.868771102881026,0.00568696487951008,0.00193265910863654,0.00278163134348518,down,hsa00533,14,8,8
0.29023469879177,0.29023469879177,0.0225149150571267,0.025,0.288468530489367,0.267135036211913,0.123096903096903,0.239927455475895,0.0390829681000622,9.72898499958472e-4,0.00279705752656652,down,hsa04115,72,8,8
0.69502933914545,0.69502933914545,0.662604761828671,0.653,0.799327130505387,0.802774677670845,0.583746253746254,0.86297072667771,0.0398249228165651,0.00355133039340424,0.00279024777090316,down,hsa00830,47,8,8
0.526443361577103,0.526443361577103,0.0500357446505352,0.1,0.566077734937601,0.50132358556624,0.594405594405594,0.666363589161498,0.0879276863640365,-0.00243338002341449,0.00279848851861354,down,hsa03015,79,8,8
0.666555654615969,0.666555654615969,0.299701085587259,0.593,0.714797143696296,0.550942636533926,0.358361638361638,0.931283327657296,0.0443656043077428,8.31999059269117e-4,0.00278890989547863,down,hsa05219,41,8,8
0.366581829281948,0.366581829281948,0.0130131680965427,0.027,0.379365904650585,0.331177402349079,0.479040959040959,0.402555631155975,0.104540050572816,-0.00585523700873215,0.00279108223999028,down,hsa00510,48,8,8
0.366356362903702,0.366356362903702,5.95147798674473e-6,0.001,0.420912738466397,0.381006354384356,0.902247752247752,0.409765458270034,0.551080766481756,0.00366056823476315,0.00278697709455091,down,hsa03050,43,8,8
0.571882208217665,0.571882208217665,0.00196060855657575,0.013,0.609660348231833,0.529590854537917,0.394795204795205,0.658362103615589,0.0641207917739137,4.91439480312271e-4,0.00285459898154223,down,hsa05010,342,8,8
0.565230243063373,0.565230243063373,0.239534596649759,0.323,0.623496043584943,0.560082445728998,0.672837162837163,0.471342431534178,0.0399979142262624,0.00456790234424854,0.00279617435549641,down,hsa05120,70,8,8
0.906539686067342,0.234808576439023,0.738109217945985,0.715,0.880411751288712,0.891669803749924,0.99018981018981,0.908921203193041,0.0929293234054674,-8.50531732269497e-4,0.00279140875200634,down,hsa00240,51,8,8
0.734110590969536,0.679325303045442,0.317838639621875,0.384,0.743961806833567,0.706872394138535,0.896233766233766,0.710702930650885,0.174269854669178,-0.00159147730103111,0.002786702900313,down,hsa04130,33,8,8
0.112494296795881,0.11249429679588,0.0481575603337146,0.04,0.167923690558478,0.177223461143807,0.516293706293706,0.217665720137727,0.0846174707780656,0.00799695554365652,0.00278020607691431,down,hsa00130,11,8,8
0.74154197154063906,0.659624127144269,0.745506760092867,0.684,0.791806407357585,0.829893465643865,0.614205794205794,0.971863927250865,0.0147903376918101,0.00403719638209257,0.00279812913685854,down,hsa04976,76,8,8
0.463843532202952,0.463843532202952,0.595400428892678,0.395,0.606830070345824,0.740362533984149,0.509330669330669,0.977129719574252,0.0232602928014428,0.00307909362312691,0.0027938511806768,up,hsa05217,60,8,8
0.147020161034071,0.14702016103407,0.00354031153858679,0.007,0.262115937607415,0.241342960102526,0.149160839160839,0.408956665373936,0.0793228986184362,0.00230539944189941,0.00279295055550216,down,hsa04623,58,8,8
0.708282665760341,0.708282665760341,0.605781057971174,0.651,0.806245607818848,0.778186860847784,0.970899100899101,0.987790148523586,0.0813475972135103,0.00451423266121265,0.00278477719899121,down,hsa04966,27,8,8
0.314471413569805,0.314471413569805,0.0605727864445309,0.055,0.423159172340638,0.412218653204683,0.631108891108891,0.497699281744517,0.0788027377953405,0.00145831645528045,0.0027907607989545,down,hsa05110,49,8,8
0.0781756830054892,0.0781756830054894,0.147800498122834,0.13,0.173066988945598,0.17757169450779,0.338721278721279,0.581946842580986,-0.00108505817674222,5.28871634251027e-4,0.00278530416028561,up,hsa00601,27,8,8
0.459425974754192,0.459425974754192,0.615893528999097,0.437,0.503842839937047,0.660045272468662,0.615174825174825,0.411069628978305,0.0134083198658445,0.00494648646644601,0.00278133395311093,down,hsa00603,14,8,8
0.218710852241624,0.218710852241624,0.0695339176483919,0.025,0.32342302964456,0.398558477731145,0.48628371628371603,0.129260330800033,0.038277612871135,0.00398977359512676,0.00280014711073362,up,hsa04512,85,8,8
0.890929106372109,0.274257301467231,0.984935295193098,0.981,0.994760546483334,0.992291415385194,0.852417582417582,0.968817447561103,0.0257122899356066,0.00603914249950792,0.00280437069399358,up,hsa05146,101,8,8
0.993458346016133,0.0163976785482579,0.881610527806498,0.895,0.946706692986798,0.950642440731406,0.11016983016983,0.853492245039568,0.0681248286162954,0.00682201594484783,0.00279462295767961,up,hsa00010,66,8,8
0.463879885325474,0.463879885325474,0.582483130217157,0.476,0.558324128448056,0.629303624705971,0.927642357642358,0.653890219410677,0.00282583618404918,0.00363119897238897,0.00279424253623014,down,hsa00561,61,8,8
0.0938494030252977,0.0938494030252977,0.00301228752399236,0.013,0.133418586712301,0.0898118222965409,0.390609390609391,0.191561377002337,0.0430110381541367,0.00278550263891929,0.00278766646609987,down,hsa05216,37,8,8
0.58178804065037,0.58178804065037,0.0804232979789947,0.112,0.642545197655202,0.619716411786038,0.414165834165834,0.336263871615506,0.0390473505497534,0.00550938289202548,0.00284630730183034,down,hsa04060,275,8,8
0.239651193605813,0.239651193605813,0.227605404449603,0.204,0.252968461156057,0.262365050420858,0.596893106893107,0.147565845394831,-1.78323492542813e-5,0.00340800981120802,0.00278883190290803,down,hsa00380,41,8,8
0.42035490553295,0.420354905532949,0.0892739939166616,0.14,0.487860718850785,0.428537736910568,0.653126873126873,0.624187461100367,0.0682616387563681,0.00437716868484793,0.00279027765734307,down,hsa00270,48,8,8
0.635254106199675,0.635254106199675,0.597101398206231,0.603,0.681261753529186,0.668226285198746,0.841208791208791,0.682759570577399,0.0381017009718119,0.0108054642278767,0.0027799442752815,down,hsa00430,11,8,8
0.853919117376877,0.368240508842496,0.953229259219342,0.903,0.951310998916902,0.957560083929118,0.37001998001998,0.954481767377827,0.00124608380461695,0.00150079216439826,0.00280047697640174,down,hsa04260,83,8,8
0.897690792980062,0.257157977117923,0.796678892857906,0.847,0.881554545785987,0.867471315715323,0.825474525474525,0.871928500899127,0.0138789094618812,0.00426112975560521,0.00280134359706082,up,hsa05410,88,8,8
0.889984681808633,0.276647181978135,0.86096326522211,0.842,0.905755344150402,0.921088832546909,0.862687312687313,0.986339354318024,0.0207840146902443,0.00400788151940388,0.00280256886558862,up,hsa05414,93,8,8
0.932404573016917,0.169639799049701,0.748468868503343,0.796,0.845208378801047,0.789397746911345,0.503616383616384,0.577509797942341,0.00377474148239604,0.00509916238087787,0.002800356133419,down,hsa04540,84,8,8
0.470490843159541,0.470490843159541,0.334003017769643,0.344,0.481177882174163,0.476610415491361,0.408461538461538,0.614678085854499,0.0734915356940325,-0.00843133916175529,0.0027815437856384,up,hsa00920,10,8,8
0.35406240351462,0.35406240351462,0.327097191525398,0.472,0.350830251649561,0.243392740232391,0.659340659340659,0.559299596984957,-0.0044390746155294,2.96153346384475e-4,0.00280372650896095,up,hsa04070,94,8,8
0.184169857921988,0.184169857921987,0.306254468869547,0.209,0.30553868794287,0.376221060410653,0.568001998001998,0.55050395401454,0.00279377537025033,0.00229067445848427,0.0027957365278178,up,hsa04720,66,8,8
0.834910849605707,0.416814874834692,0.900407237090658,0.681,0.660041978138003,0.876187797974792,0.67040959040959,0.687335688563902,-0.00624860807742571,5.08580852829068e-4,0.00279738171015184,down,hsa00562,71,8,8
0.1499512692817,0.1499512692817,0.0135329163728556,0.016,0.222398300664051,0.219679775165344,0.277442557442557,0.31070728364059,0.116695790973031,-4.8882510655293e-5,0.00278413074668662,down,hsa00062,23,8,8
0.185485723180286,0.185485723180286,0.0126340187798759,0.015,0.262173120068364,0.251258300603598,0.706523476523477,0.29946330261149,0.078192809114655,0.00366723283259722,0.00278875769758036,down,hsa00071,42,8,8
0.413874289714935,0.413874289714935,0.110805839955321,0.097,0.452767646768229,0.480565809024918,0.762237762237762,0.414915491779631,0.0786288848133566,-2.0231165047371e-4,0.00279066935841868,down,hsa00280,48,8,8
0.0273957297539854,0.0273957297539855,6.69758613740294e-4,0.002,0.0831751798131173,0.064264822582549,0.381198801198801,0.144289477098692,0.0148725691181601,0.00448093640866494,0.00280986575444695,down,hsa04650,120,8,8
0.614960437404286,0.614960437404286,0.415462697459044,0.419,0.657046780610691,0.633172473262512,0.912087912087912,0.714490268756575,0.0311716308237542,0.00559556055406616,0.00279221518085318,down,hsa05014,55,8,8
0.418567693609791,0.418567693609791,4.82267473385728e-6,0.001,0.466796973420065,0.417895187156987,0.843846153846154,0.527828752276872,0.126457531435075,-2.3984326289699e-4,0.00282480475430708,down,hsa05012,227,8,8
0.0835893425663753,0.0835893425663752,0.0508266688558364,0.016,0.210261345385609,0.255838130541314,0.367862137862138,0.216698841862755,0.0168720808714743,0.00343876367846691,0.00280377265723767,up,hsa04916,97,8,8
0.689726992384162,0.689726992384162,0.820305019125369,0.801,0.84539615498933,0.863605622811859,0.386613386613387,0.919543460848364,0.0140614907686472,0.00110044857256452,0.00278981137561857,up,hsa04962,44,8,8
0.358758833241468,0.358758833241469,0.0140935831226524,0.006,0.463363510812605,0.489421341102222,0.358971028971029,0.529553396981783,0.0793494702358057,0.0025264687579534,0.00281147517608407,down,hsa04140,136,8,8
0.727370789967125,0.697250177544304,0.24114764870982,0.211,0.760264697238715,0.771269171940302,0.758181818181818,0.725982580512706,0.40430383144536,-0.00471661404331067,0.00278704869887776,down,hsa03030,36,8,8
0.156054221519217,0.156054221519218,0.0295104147919855,0.022,0.171360799064354,0.177805485123536,0.247762237762238,0.112993598899191,0.0314630750732765,0.00243539216031593,0.00278880373962749,down,hsa00600,41,8,8
0.766767560312531,0.593211395619532,0.587750247990426,0.592,0.768358087757914,0.772739838848517,0.188181818181818,0.731136283780604,0.126072460908173,0.00100500681837707,0.00278297915290103,up,hsa00100,19,8,8
0.108007416974886,0.108007416974887,0.0917910566664934,0.061,0.207017935061898,0.233334854827854,0.521958041958042,0.178462615415266,0.0339741674919433,0.00473410685409098,0.00278376357879248,up,hsa04977,23,8,8
0.210137650908402,0.210137650908402,0.35678261903328,0.244,0.31488483149711,0.400961742251609,0.113076923076923,0.259697974287911,0.00141672109932246,0.00328936032590646,0.00278992690244948,up,hsa00514,45,8,8
0.518309103135772,0.518309103135772,0.448139312062577,0.624,0.650902186976256,0.551913934538496,0.615274725274725,0.949861343484998,0.0335527066557871,0.0051691811264813,0.00278157266319473,down,hsa00450,15,8,8
0.409987058913307,0.409987058913307,0.235099198293608,0.343,0.455696474623004,0.36944819100727,0.467062937062937,0.685330067622195,0.0328603445754832,0.00358094962998724,0.00278253491778019,down,hsa00670,18,8,8
0.195509183733919,0.195509183733918,1.47925604919296e-4,0.001,0.26663240218574,0.240835918081418,0.656173826173826,0.245346711241363,0.296852577493906,7.57788624567941e-4,0.00278524946910896,down,hsa03020,29,8,8
0.668913512113991,0.668913512113991,0.409326975293814,0.465,0.696288119056122,0.683688197028541,0.147662337662338,0.75562706350975,0.0719217327301714,-5.52037268430511e-4,0.00278867857524526,down,hsa03022,40,8,8
0.777132262625677,0.566116297371275,0.538722380846613,0.527,0.751935301866065,0.745921557417272,0.83010989010989,0.654706921748246,0.111371324841591,-0.00312666252031494,0.0027841775078966,down,hsa00900,22,8,8
0.750703158499985,0.635424657322393,0.786686146388438,0.763,0.831806745085853,0.835564268321717,0.99008991008991,0.91671722767498,0.0107324011907087,0.00224968199153697,0.00279214683826181,up,hsa04330,53,8,8
0.100250930795226,0.100250930795226,0.00292637168783043,0.001,0.258360885657723,0.286750226731188,0.507622377622378,0.214200128239183,0.0317691329090227,0.00496787003787872,0.00282745874912823,up,hsa04020,192,8,8
0.817226359697967,0.462227689510244,0.748300965151201,0.889,0.919609935806109,0.869092088998054,0.578291708291708,0.709971327902831,0.0305788199695603,0.00436419275366847,0.00279998032956525,up,hsa04970,84,8,8
0.659502607507081,0.65950260750708,0.373634494235941,0.547,0.670956553744781,0.571848021093132,0.599210789210789,0.452388673448427,0.0176274735623164,0.0036876237458634,0.00279732202219233,up,hsa04971,73,8,8
0.91569615782517,0.211713126601633,0.736177964310167,0.835,0.929854492328008,0.90289134134581,0.912327672327672,0.995034346006379,0.291645694740998,-0.0031657265902673,0.002783982972409,up,hsa03430,22,8,8
0.929013392930638,0.178172429341954,0.845432496218255,0.806,0.827840834159453,0.858772954191382,0.717672327672328,0.898994161787031,0.0048263141094973,0.00146071032471519,0.00278303340424554,down,hsa00040,19,8,8
0.631488948630311,0.631488948630311,0.554294255693338,0.571,0.627253507388134,0.619348783635928,0.880599400599401,0.999818064726006,0.0215730871040983,-7.55082031984353e-4,0.00278188669469808,down,hsa00053,14,8,8
0.584870678112138,0.584870678112138,0.444666635455497,0.464,0.475569689093472,0.437268112179955,0.401858141858142,0.373281368976302,-0.00504103588413032,0.00644257336321625,0.00278582405880112,down,hsa00500,31,8,8
0.450121102831972,0.450121102831972,0.17044112621634,0.15,0.487520622210829,0.49529564798467,0.884965034965035,0.57146524037507,0.0966070979489461,0.00427734316007345,0.00278529332643406,down,hsa00860,29,8,8
0.530607038408014,0.530607038408014,0.504406025094382,0.505,0.611270852111659,0.608384254051196,0.641228771228771,0.51293523419176,0.00953054883418093,0.00539295298768125,0.00279320009818927,down,hsa00980,58,8,8
0.602571718005174,0.602571718005174,0.450335936947222,0.525,0.666257662192191,0.610233608138714,0.725324675324675,0.949618473716536,0.0193705057115323,0.00353498586867821,0.00279196432997202,down,hsa00982,53,8,8
0.4202284505449,0.4202284505449,0.175647593937023,0.266,0.60350694333507,0.538782123181498,0.827282717282717,0.762158025085952,0.043561506068916,0.00771253873759503,0.00279866488493188,up,hsa04610,81,8,8
0.540491852696783,0.540491852696783,0.116649261446363,0.118,0.632323903885222,0.623823931946509,0.424635364635365,0.545048760757193,0.0714377690805289,0.00751003735347977,0.00280786065464664,down,hsa04740,121,8,8
0.43015397419389,0.43015397419389,0.239035807799868,0.354,0.495079261302645,0.399069111480979,0.639190809190809,0.621767213211559,0.0498233934631135,0.0046944597853382,0.00278187873146717,up,hsa00511,16,8,8
0.23146392828382,0.23146392828382,0.118027175245544,0.168,0.183520238078357,0.146355263502496,0.448761238761239,0.0881132460958867,-0.00156225691296094,0.00398791071507353,0.00278387924109105,down,hsa00340,23,8,8
0.808136736067802,0.485660925012128,0.650954320254473,0.685,0.720887640323844,0.708296643213716,0.554225774225774,0.311656752448765,0.019314155892342,0.00235218106397773,0.00278266469471308,down,hsa00531,18,8,8
0.325939842383394,0.325939842383394,0.304922524777324,0.338,0.365936985788637,0.345518247054345,0.653656343656344,0.191825991185391,0.00221755323190326,0.00491030831896406,0.0027821561746095,down,hsa00120,17,8,8
0.631544238346546,0.631544238346546,0.170903126138361,0.288,0.59920433706567,0.526073793034505,0.568891108891109,0.608784982993227,0.0867296552183359,0.00424248386296804,0.00278789885965128,down,hsa00620,39,8,8
0.615539202923386,0.615539202923387,0.162731662990273,0.208,0.613588712543408,0.577087315233481,0.367302697302697,0.618130229419786,0.217857390082557,-0.00988662940263645,0.00278496907917689,down,hsa03060,23,8,8
0.279401739231963,0.279401739231963,0.197661413725635,0.199,0.212476233205704,0.210521648239317,0.312327672327672,0.13106721542764,-0.00309881258004442,0.00403032960301665,0.00278687308415438,down,hsa05020,34,8,8
0.0564363336596242,0.0564363336596243,0.0184489767819651,0.011,0.086453886565033,0.110665357765028,0.0852287712287712,0.0657395748307916,0.0376555887581125,4.52613980080466e-6,0.00278422078978643,down,hsa01040,23,8,8
0.526573773586847,0.526573773586847,0.670032330648603,0.565,0.547198697351654,0.634583980640046,0.559090909090909,0.979376691006421,-0.0132980136501556,0.00112531417632736,0.00278417279858893,down,hsa04964,23,8,8
0.898286315957284,0.255652904393374,0.884081799447724,0.936,0.924081928674009,0.90829962594939,0.871218781218781,0.942972587151968,0.0126292341385931,0.00445180600710004,0.0027878703120801,up,hsa00260,38,8,8
0.447681060559527,0.447681060559527,0.106776895369749,0.092,0.561742881169808,0.56028789681794,0.835724275724276,0.429722096285731,0.0861743305188485,0.00615026217907661,0.00279597484844662,up,hsa04742,72,8,8
0.116459384374629,0.116459384374628,0.168594067243054,0.144,0.151779359837777,0.172129609154448,0.0656403596403596,0.0606409208422991,-0.00515702096887166,0.00386497088596179,0.00278580322982904,up,hsa00512,30,8,8
0.796673141583136,0.515310095610597,0.637678288677006,0.669,0.738276545078728,0.716825703584651,0.933126873126873,0.82167643008309,0.0359169050536121,0.00304726199518903,0.00278204740098636,down,hsa00910,16,8,8
0.735934059889807,0.674485110419074,0.39647744868919,0.56,0.705951881775286,0.608609557873693,0.581068931068931,0.827969785368856,0.0345600789091492,0.00490731721006909,0.00278961217090645,down,hsa00330,45,8,8
0.931193189133991,0.172687428817112,0.783477867944893,0.982,0.987912709247479,0.76747167402386,0.382617382617383,0.748463392460728,-0.010101088073474,0.00685688251950629,0.00278388235238257,up,hsa00534,24,8,8
0.995788044861934,0.0105578548764383,0.86717415044981,0.941,0.921072208844737,0.870992139271938,0.878221778221778,0.720822532964569,-0.00127653852609232,0.00419646820608861,0.0027873968441661,up,hsa00350,36,8,8
0.555786033277844,0.555786033277844,0.382741770293542,0.473,0.577484689809146,0.507081878647935,0.837272727272727,0.636450212819519,0.0225283172444443,1.75673962922389e-4,0.00278503004001541,up,hsa00650,26,8,8
0.789995149306188,0.532633824203106,0.503337985906769,0.63,0.726302170996959,0.655779552666445,0.770979020979021,0.661893001803967,0.020967554059176,0.00171109818098836,0.00279186439542651,down,hsa00480,52,8,8
0.100250001034639,0.100250001034639,0.104897834154606,0.108,0.107517531968911,0.105771489358496,0.481088911088911,0.0160306306773286,-0.00878938811961205,0.00676118892666821,0.00278334462353122,down,hsa04614,22,8,8
0.76480615203047,0.598350973300771,0.743322366397063,0.535,0.674043565023445,0.804639878430195,0.230749250749251,0.294491745610932,0.0129105098097612,0.00448208850066494,0.00279056554417792,down,hsa04340,48,8,8
0.892738820291172,0.269678884239282,0.891145064944784,0.913,0.935685734816992,0.913823867698751,0.777782217782218,0.967086543041568,0.0132744228264584,0.00236116848538685,0.00278753237607249,down,hsa00250,36,8,8
0.943505150190523,0.1417301233339,0.940127347173227,0.894,0.918633038483201,0.953261456690458,0.895684315684316,0.90445767997257,0.0174274905325554,0.00255103738520696,0.00278588469512772,down,hsa00630,30,8,8
0.125308294283077,0.125308294283077,0.0368480745207259,0.045,0.219243523457982,0.217926332695489,0.459200799200799,0.194725454839299,0.0583375047417663,0.00358313569566224,0.00278490658731928,up,hsa04744,27,8,8
0.14562904169959,0.145629041699591,0.0283987854567062,0.06,0.246387060508775,0.192494862017954,0.0346283716283716,0.189858040379971,0.0325262965969012,0.00916202531363609,0.00278947165235138,down,hsa05144,46,8,8
0.654085317209925,0.654085317209924,0.321379971527888,0.354,0.630839160745245,0.60993561996361,0.592997002997003,0.556703863563153,0.0754171574764662,0.00345689686256509,0.0027867190412711,down,hsa00640,34,8,8
0.449907232265601,0.449907232265601,0.559958066068114,0.479,0.560765883068626,0.599750167920632,0.453176823176823,0.782855984598005,0.00720286202066497,0.00494383807545487,0.0027818787443559,up,hsa00360,16,8,8
0.351705922797962,0.351705922797962,0.138450027496455,0.168,0.39012807284535,0.365598144832381,0.526223776223776,0.398795273319689,0.0613551314736458,0.00359860094179386,0.00278410644993215,up,hsa04950,24,8,8
0.373973057959166,0.373973057959166,0.183534698417783,0.18,0.419592621393034,0.406260227831806,0.167172827172827,0.292150898744063,0.0398775960789256,0.00893014157952776,0.00278627959359251,down,hsa05143,34,8,8
0.550177153915992,0.550177153915993,0.573235676159618,0.513,0.497850888760753,0.563564312191641,0.61014985014985,0.562931668182504,-0.00658383062732392,0.00268653106185341,0.00278455737198336,down,hsa00790,25,8,8
0.444807822623869,0.444807822623869,0.395517387701761,0.417,0.352228148244508,0.343502566957106,0.788671328671329,0.258369508720506,-0.010347646071631,0.00287950995904275,0.00278618374367136,down,hsa00410,31,8,8
0.911110691014204,0.223275368623054,0.676855565450818,0.668,0.755861508614739,0.744657155463237,0.585094905094905,0.608207535704782,0.0274837903133648,-0.00132496706725463,0.00278328680863465,down,hsa00770,19,8,8
0.678335472208191,0.678335472208191,0.454856262565123,0.368,0.688741842815835,0.739738938400488,0.715094905094905,0.671333927408215,0.119779973575887,0.00848254352776416,0.00278560249584379,down,hsa00051,32,8,8
0.705953139114147,0.705953139114147,0.961537857417639,0.785,0.869709559904301,0.971695093693693,0.223676323676324,0.945704131417463,0.0436575530390235,-4.30272253980049e-4,0.0027826504780162,up,hsa00061,17,8,8
0.773764472807721,0.574908642943277,0.493323081617652,0.576,0.746953450004573,0.716249872749657,0.991828171828172,0.719371492919648,0.0818677710733713,0.00346425566049314,0.00278540123619977,down,hsa00030,29,8,8
0.817197511107865,0.462301959781286,0.685150547495694,0.689,0.772237105740162,0.761762706779821,0.991638361638362,0.763716858095841,0.0220037886451082,0.00575984587448841,0.00278556189171486,down,hsa00052,30,8,8
0.591184899493939,0.591184899493939,0.714038728528054,0.53,0.5539431122157,0.708829113080756,0.997982017982018,0.379786575229608,-0.00390836378209137,0.00344212432459832,0.00278775138491311,down,hsa04960,37,8,8
0.528530515366979,0.528530515366979,0.271493315079625,0.53,0.433949312274679,0.247567550854053,0.511128871128871,0.227978571083484,-0.0178805201610789,0.00218003481323794,0.00278161741509222,up,hsa00604,14,8,8
0.504071391910164,0.504071391910164,0.47919062382364,0.527,0.559643066569135,0.509234032245273,0.344215784215784,0.573493109274816,0.00566893113039306,0.01010332503371,0.00277839576484181,up,hsa00524,5,8,8
0.652197336529701,0.652197336529701,0.405820147604608,0.578,0.606328855790376,0.465146086186078,0.349400599400599,0.826884735914509,0.0109939006662886,0.00840232517244382,0.0027812684780737,up,hsa00730,15,8,8
0.133426117688712,0.133426117688711,0.355964900944705,0.209,0.20186466017725,0.312611259240206,0.255294705294705,0.285315545426529,-0.0712776540290573,0.00309268469139522,0.00277908312185277,down,hsa00471,5,8,8
0.863737751122649,0.343236265411338,0.919966955871901,0.982,0.959175556160581,0.926948906086635,0.346433566433566,0.835779243379031,0.0147179265898081,-0.00900522449299351,0.00278080034443117,down,hsa04122,7,8,8
0.486507913554331,0.48650791355433,0.625300258313064,0.582,0.562247651845845,0.600309133966836,0.68955044955045,0.874702278679186,-0.0582565875484193,-0.00840339627677322,0.00278020363404467,down,hsa00750,5,8,8
0.564953369629242,0.564953369629242,0.380839365917542,0.482,0.634429212704281,0.571714732143991,0.950969030969031,0.681600631196,0.132624277086587,-0.00192503966666298,0.00278089645814962,up,hsa00072,10,8,8
0.395266896173648,0.395266896173648,0.457927820742761,0.532,0.538351444642453,0.464437138058803,0.245014985014985,0.734146530776769,-0.0131610627479682,0.0120592428078024,0.00277902018712396,up,hsa00740,8,8,8
