p_meaca,p_mrgse,p_sigpath,p_ora
0.5243108814785251,0.49582159607301257,0.571,0.3159789057017956
0.9974815660148094,0.7525918067307136,0.552,0.3159789057017956
0.09174798331961653,0.15804962400669423,0.143,0.06486038947190344
0.6522118963329436,0.0668380696687368,0.043,0.3128262607851759
0.7574287887084173,0.6823843818843979,0.536,0.7765939257181219
0.5263782963976061,0.2100832093235311,0.221,0.3128262607851759
0.21901430676451628,0.17288996791392333,0.162,0.02380629535406692
0.3054287950136806,0.8239749255544446,0.976,0.7765939257181219
0.3248711078389085,0.01679527304364173,0.038,0.7789297476370726
0.4234372462629199,0.8503427290767767,0.859,0.5385059176838712
0.5631286889781558,0.5343017469548226,0.59,0.3159789057017956
0.14946096694695166,0.04097760119775952,0.023,0.5418438228636026
0.1188050337227432,0.0645708880828886,0.043,0.3128262607851759
0.1468252481888801,0.5395265616276939,0.579,0.06486038947190344
0.7391244467505538,0.04337421795520677,0.044,0.5385059176838712
0.1108258336312824,0.11146178524826994,0.101,0.5385059176838712
0.22567711314612582,0.7649907843035119,0.779,0.06609348855845944
0.22244803547518055,0.031415530215944676,0.06,0.3128262607851759
0.9087605298698257,0.48457704107982696,0.623,0.7789297476370726
0.4793610138686055,0.30293981727989916,0.414,0.16044957708275517
0.043196295028891996,0.06774389829102428,0.083,0.9434221525810278
0.18352949131530316,0.57712478244965415,0.467,0.7765939257181219
0.28421625148022156,0.5615874015012677,0.669,0.5418438228636026
0.9566019168692171,0.8121129524390301,0.827,0.02437363612997934
0.23042776345892357,0.997617365159926,0.928,0.9434221525810278
0.9870730872774661,0.3558372643461015,0.418,0.3128262607851759
0.35740857497021616,0.030830361013650078,0.025,0.3128262607851759
0.9670074382563317,0.5542866964545065,0.583,0.5385059176838712
0.7339228440767929,0.6776869028030015,0.934,0.5418438228636026
0.5718481596255898,0.9010387521485435,0.713,0.06609348855845944
0.9991244171718591,0.019070909879535306,0.02,0.7765939257181219
0.9559895763645521,0.14736940439296126,0.154,0.1537681690989709
0.0018935785858688048,0.10990666009466046,0.13,0.9426118451675107
0.6539637278415114,0.7997170955342563,0.951,0.02495020611997788
0.8423073664032545,0.519649821951266,0.556,0.06486038947190344
0.16504729295063758,0.9523222376328438,0.749,0.9426118451675107
0.32549340239129076,0.4298749665702495,0.509,0.3128262607851759
0.21383727933943508,0.20760659164462622,0.235,0.3128262607851759
0.5849936821652315,0.8082574624767489,0.804,0.7765939257181219
0.9988775599560452,0.7237533593810104,0.583,0.5418438228636026
0.3411795886448372,0.695880250443774,0.605,0.9434221525810278
0.641180279372899,0.5171454329228294,0.449,0.06609348855845944
0.48939714591801187,0.40216183843508585,0.493,0.5385059176838712
0.3087883119408734,0.29523689587293817,0.342,0.3128262607851759
0.5540516271449321,0.3236607866018077,0.331,0.15598217618332708
0.12436902681410755,0.04946868994231471,0.049,0.06486038947190344
0.6664526547845528,0.9862388916459438,0.925,0.5385059176838712
0.48138200986924295,0.5511558870667053,0.461,0.1537681690989709
0.7294106344903852,0.8291124135165453,0.946,0.5385059176838712
0.0770996823048754,0.5051849677358751,0.649,0.15598217618332708
0.5472770415691175,0.3196811954651942,0.373,0.06486038947190344
0.264469914528613,0.6671232526048974,0.585,0.3159789057017956
0.985794250969816,0.3879365823039334,0.366,0.5418438228636026
0.5402275644699324,0.42496688257073634,0.361,0.1537681690989709
0.7824534122896055,0.2266383499901578,0.233,0.9442210586434259
0.4352730847532996,0.5021005346889834,0.628,0.5385059176838712
0.7619425518288735,0.4115831725054586,0.549,0.15598217618332708
0.020188845842609493,0.967108371797013,0.981,0.31913429661302434
0.6261471715942667,0.021953703270664385,0.023,0.15820936014037157
0.3561229261036325,0.8133631776839467,0.841,0.7812442219142368
2.0279884280238747e-4,0.41496658018859384,0.627,0.3159789057017956
0.03265562542182798,0.17500254648112828,0.114,0.9426118451675107
0.3918293679738071,0.7564646984131522,0.896,0.15598217618332708
0.6452392895024008,0.007056737021575963,0.012,0.06486038947190344
0.6210923147518844,0.4060049136192901,0.321,0.9426118451675107
0.04881619687218963,0.38664746332679706,0.453,0.15598217618332708
0.918403503401785,0.2258975160657833,0.349,0.5385059176838712
0.5881602696658461,0.43627986110928185,0.54,0.3128262607851759
0.7834252204633964,0.7526856218725717,0.855,0.1537681690989709
5.829118378247733e-4,0.7168912549676387,0.728,3.179966474954809e-5
0.8223916532967169,0.441259885023193,0.328,0.5385059176838712
0.6112027542543,0.05104856725538856,0.059,0.5418438228636026
0.10734960195387866,0.018550677870086296,0.018,0.31913429661302434
0.5024759753934902,0.1435199493253859,0.144,0.7765939257181219
0.7683878673468079,0.7912839114757926,0.923,0.5385059176838712
0.10609157718071027,0.07604182059116703,0.101,0.7765939257181219
0.35725435969013786,0.3629656213467832,0.374,0.7789297476370726
0.6052458513518875,0.9496119818146582,0.912,0.5418438228636026
0.5076713190585508,0.4284744551141781,0.328,0.7765939257181219
0.4307174441542321,0.3770264698675246,0.315,0.1537681690989709
0.30770237856819826,0.2166131395401204,0.193,0.9426118451675107
0.4614940245045859,0.8861579554870279,0.995,0.5418438228636026
0.7603200056098667,0.7031556523750545,0.547,0.06486038947190344
0.7685140965145861,0.6677263178436463,0.771,0.5451678456434617
0.3122429840243237,0.9801070309158542,0.893,0.3159789057017956
0.3918971051717993,0.1321743668991818,0.107,0.3128262607851759
0.09110121949127592,0.8483778974027658,0.84,0.02437363612997934
0.8218765065425371,0.6987482199460482,0.703,0.5385059176838712
0.0365811644220001,0.8770494641360902,0.811,0.06486038947190344
0.3858740587842453,0.12538906397871286,0.037,0.7789297476370726
0.7518176438874669,0.8256064047648801,0.913,0.1537681690989709
0.5911292155231864,0.21689091032945548,0.358,0.7765939257181219
0.14812714988500775,0.10911563356700098,0.248,0.5418438228636026
0.7396117500175831,0.09573538220940048,0.099,0.3128262607851759
0.9177121669144247,0.4629729720813941,0.426,0.3159789057017956
0.5151083142955962,0.42690580220482527,0.37,0.5385059176838712
0.92176587490918,0.9435089137445702,0.994,0.5385059176838712
0.7345341337234828,0.6995907670407875,0.706,0.5385059176838712
0.36742658966140884,0.06371494678349048,0.042,0.06486038947190344
0.8475651300029357,0.3014488507058439,0.252,0.3159789057017956
0.11151830746797764,0.40132363205116367,0.5,0.9426118451675107
0.9464770341308675,0.3543024071986946,0.278,0.1537681690989709
0.6735238971904114,0.8378519630884503,0.908,0.5385059176838712
0.7923058796717746,0.45867880832010954,0.461,0.7765939257181219
0.6628518538256687,0.32486877525786334,0.331,0.3159789057017956
0.1452976759846376,0.5330629684565777,0.643,0.06609348855845944
0.7402383956654566,0.7876012553444413,0.728,0.5385059176838712
0.14717389068989561,0.08837536559362916,0.087,0.5418438228636026
0.1666891027988583,0.951239707503797,0.974,0.15598217618332708
0.4068503802967779,0.14790222397124542,0.121,0.3128262607851759
0.37419540939513407,0.8539641558269221,0.856,0.5385059176838712
0.520130127521127,0.24881508016369613,0.235,0.7812442219142368
0.5252833822811889,0.6132287421325535,0.628,0.02380629535406692
0.40378592465784524,0.7470905259950718,0.724,0.3128262607851759
0.6460326364406366,0.47357699892366684,0.55,0.5385059176838712
0.9925667049104554,0.010780919687194421,0.012,0.06486038947190344
0.7011510322122161,0.4376160378354746,0.368,0.3128262607851759
0.6749317071073286,0.7944232004201344,0.812,0.7789297476370726
0.30415432060090064,0.7935179791752028,0.955,0.7765939257181219
0.45050816414421757,0.5922743846518537,0.817,0.3128262607851759
0.6297085298620323,0.787533909477981,0.835,0.7765939257181219
0.0016558366915635503,0.36906746123832807,0.29,0.1537681690989709
0.7798936969332002,0.7370429469251241,0.751,0.7765939257181219
0.08309219189862505,0.39157766974110836,0.326,0.7765939257181219
0.560194728562083,0.4066887981926357,0.389,0.7835374863669613
0.9907118526919961,0.14650133536386953,0.121,0.06486038947190344
0.33310298603222477,0.30221302315415594,0.463,0.5418438228636026
0.06257135556969318,0.033738419835271476,0.049,0.1537681690989709
0.6253151707735789,0.4496051160016461,0.396,0.7765939257181219
0.5839727866964108,0.3529745181091905,0.289,0.5385059176838712
0.5636235056216179,0.8016310577449977,0.849,0.3128262607851759
0.21393592721981092,0.8822802641862619,0.836,0.3128262607851759
0.08482442236743637,0.8550548237996214,0.839,0.5385059176838712
0.386588560365125,0.8382220853960982,0.767,0.3128262607851759
0.6479121491530251,0.5157874842736633,0.434,0.5385059176838712
0.2150498126450412,0.8496890262196095,0.987,0.02380629535406692
0.6803157973664595,0.2548357088048188,0.226,0.007920753628519139
0.9650531520626241,0.2557562982499715,0.234,0.5385059176838712
0.934686418806205,0.04878556644405513,0.097,0.3128262607851759
0.8118256839411075,0.3552179961587884,0.39,0.1537681690989709
0.16938955458607785,0.4263337643687124,0.286,0.3128262607851759
0.9081072671065299,0.39246908478638476,0.451,0.9426118451675107
0.08243638148985599,0.17671336092878745,0.195,0.5385059176838712
0.9477002051386412,0.8948009683769177,0.925,0.3128262607851759
0.793374530603593,0.5693150658443341,0.61,0.5418438228636026
0.5844838380269606,0.9882433374418502,0.918,0.06486038947190344
0.6999052935684176,0.4038645938106666,0.409,0.3128262607851759
0.9108948082903772,0.11788438854565096,0.101,0.06486038947190344
0.5671779674346507,0.5553253256481807,0.587,0.7789297476370726
0.3558095260952352,0.19604613365974577,0.289,0.3128262607851759
0.48727789766588514,0.8946462252912869,0.978,0.06486038947190344
0.1635232754822965,0.8002302859799773,0.873,0.3159789057017956
0.049431777327941795,0.9796963615342855,0.983,0.7789297476370726
0.29321306182514617,0.9464637348361405,0.683,0.1537681690989709
0.8785071934358004,0.852720327210194,0.849,0.06609348855845944
0.31969902491330837,0.16607859135749958,0.202,0.31913429661302434
0.17466211096061546,0.613778382359346,0.676,0.5385059176838712
0.5033493511507909,0.33389070737495663,0.431,0.3159789057017956
0.18152702093158302,0.7977288043522207,0.915,0.06734025469295887
0.28269629511219774,0.6419079387733853,0.584,0.7765939257181219
0.8918687914500352,0.5064986208903446,0.558,0.3128262607851759
0.5560923733918219,0.78117893561358,0.83,0.1537681690989709
0.18421709022161725,0.7049481990593242,0.764,0.5385059176838712
0.3291688107619034,0.3249801182884305,0.309,0.5418438228636026
0.7779038118656353,0.11529537039922576,0.146,0.15598217618332708
0.7844809891626687,0.05739432827930458,0.084,0.5418438228636026
0.408420374612788,0.14989957273721372,0.221,0.06734025469295887
0.8741135317999484,0.16526607136203136,0.153,0.06486038947190344
0.308516342815216,0.896637828537155,0.931,0.5385059176838712
0.0797492208440368,0.24717309731586637,0.216,0.3128262607851759
0.7716201664767859,0.400013513607414,0.403,0.5385059176838712
0.6844904545212803,0.9575433644802953,0.857,0.06486038947190344
0.8891953653266478,0.6710376196035763,0.518,0.5418438228636026
0.2884109589621281,0.4292194610007703,0.356,0.15820936014037157
0.46232596791105174,0.5090784496357743,0.495,0.007920753628519139
0.9612570554873082,0.00034417804600598043,0.002,0.5385059176838712
0.20101045389562966,0.8196654073123549,0.808,0.3128262607851759
0.6189694970426531,0.6500145789359915,0.572,0.3128262607851759
0.9114890250974292,0.8244518644743761,0.756,0.5418438228636026
0.2866361920097651,0.6075931057620132,0.629,0.7765939257181219
0.3286174032705762,0.2996843844040041,0.2,0.3159789057017956
0.24666965933899765,0.8540005069310554,0.915,0.5385059176838712
0.7971853518462679,0.7800764022686595,0.723,0.15598217618332708
0.5152241439776266,0.26795226763044905,0.21,0.1537681690989709
0.5782127106506255,0.715910605123563,0.663,0.0022177290235968817
0.025548960481716287,0.47085493657517513,0.301,0.5385059176838712
0.89246855410781,0.6691280548980691,0.417,0.9434221525810278
0.6304044058465091,0.8708550090115832,0.77,0.5385059176838712
0.3389512234654771,0.41155971359327437,0.374,0.3159789057017956
0.45365453430067415,0.7487953799385432,0.707,0.06486038947190344
0.847060256101266,0.6045217095791525,0.685,0.02380629535406692
0.7312955697933573,0.11215100639615745,0.127,0.06486038947190344
0.762649438131813,0.41475150689388507,0.526,0.5451678456434617
0.6927414602124388,0.8798063512031686,0.766,0.5385059176838712
0.5595981909904002,0.6109385112219176,0.666,0.7765939257181219
0.12891685553438736,0.6818895254249693,0.792,0.3128262607851759
0.6285027868249119,0.6249950634136734,0.673,0.3128262607851759
0.6501314725459029,0.6341408435945289,0.629,0.5418438228636026
0.04481441424839683,0.5868687066155793,0.594,0.3128262607851759
0.22945375240017296,0.9637676022161198,0.894,0.31913429661302434
0.12031299095863734,0.15622547366759446,0.138,0.5451678456434617
0.015264641075079188,0.17291593228188523,0.239,0.3128262607851759
0.7445907601550592,0.24070794159030404,0.245,0.3128262607851759
0.6756001800999324,0.0837535729702456,0.073,0.1537681690989709
0.1546326995884788,0.7023841035044454,0.584,0.3159789057017956
0.6602222067938309,0.9245666563802827,0.977,0.15598217618332708
0.34819876210758316,0.8554871282555083,0.934,0.7765939257181219
0.592258250058159,0.11658003721566276,0.147,0.15598217618332708
0.2060611824573919,0.2732792389671459,0.337,0.3128262607851759
0.29098308785761084,0.5687072809608558,0.63,0.06609348855845944
0.06571499875718745,0.17903211285189935,0.163,0.3128262607851759
0.7247746332581795,0.4372939256277532,0.29,0.3159789057017956
0.30774416089774137,0.9191210872928288,0.881,0.3128262607851759
0.09425077843605967,0.16369050200863683,0.213,0.5385059176838712
0.5710820884359178,0.06718196431559226,0.093,0.3128262607851759
0.8476006022655181,0.4325360049245037,0.547,0.5418438228636026
0.48294253985955626,0.8299954722342605,0.746,0.3128262607851759
0.09969287617772149,0.6396752522488216,0.584,0.7765939257181219
0.6035462703373744,0.14652567380741302,0.196,0.9442210586434259
0.6206822670036775,0.8878375139297737,0.762,0.1537681690989709
0.3013821953477748,0.36953143317195564,0.436,0.1537681690989709
0.7009839477472262,0.5427951996873543,0.501,0.9426118451675107
0.6934903018535676,0.35409914555881444,0.389,0.15820936014037157
0.06482213869147069,0.7419250457172495,0.524,0.1537681690989709
0.26952059200883105,0.7434820479551859,0.824,0.3128262607851759
0.45997360255259256,0.7200016459168008,0.592,0.02380629535406692
0.25911515532904095,0.7390473787088162,0.692,0.7789297476370726
0.6089036547549618,0.5662409133900244,0.523,0.9442210586434259
0.3535960375046783,0.16223144693417696,0.206,0.9426118451675107
0.8051224212909612,0.8620537106089992,0.737,0.7812442219142368
0.008457936710880687,0.05088161688793657,0.045,0.7789297476370726
0.9062362311354906,0.3105614352522405,0.34,0.5484778799627317
0.6498316285654834,0.11945784811205953,0.17,0.7835374863669613
0.4045969756190121,0.9402066652821675,0.953,0.9426118451675107
0.04684593885171873,0.9388016744617766,0.921,0.1537681690989709
0.4598837191825542,0.07936384218272259,0.108,0.7765939257181219
0.5120906451042386,0.586209661889577,0.536,0.1537681690989709
0.04794370433740258,0.23835471829705487,0.247,0.5385059176838712
0.3813049242075953,0.12009599350343023,0.111,0.5418438228636026
0.21248025657953007,0.5067226806072628,0.436,0.7765939257181219
0.08282250189936646,0.7104353333542415,0.624,0.02380629535406692
0.7137978211710674,0.8616086233437827,0.857,0.1537681690989709
0.47490178481813605,0.36631036444922205,0.414,0.5385059176838712
0.6411256782854733,0.35043444633627535,0.435,0.7765939257181219
0.1963110908553597,0.4862582507782512,0.538,0.15598217618332708
0.23161003490446908,0.8441166212694822,0.674,0.15598217618332708
0.2668972652052053,0.14839458442269604,0.208,0.5418438228636026
0.6122748543925411,0.41999375233742625,0.343,0.007698967367945168
0.43834529710523973,0.8877561677139385,0.776,0.1537681690989709
0.6804374412804775,0.7664172235526409,0.806,0.7765939257181219
0.11361752392115532,0.9526584960600464,0.998,0.5418438228636026
0.18578409284682107,0.4790789692725366,0.424,0.3128262607851759
0.1782853407238042,0.9881242185865976,0.862,0.3128262607851759
0.7874096283822767,0.36964404898251035,0.508,0.5385059176838712
7.218427308876008e-4,0.6707448565292682,0.644,0.32229220147929827
0.22057584333309976,0.3127850055544093,0.381,0.7765939257181219
0.43263139219387103,0.8748417802711026,0.623,0.31913429661302434
0.10917358823798995,0.037831875483292324,0.037,0.15820936014037157
0.36476731789908645,0.8413454029302568,0.701,0.5418438228636026
0.5211145927899472,0.2561743350714145,0.238,0.06609348855845944
0.31042684537039633,0.23878752222791655,0.186,0.06486038947190344
0.7074357901750898,0.07159913730916753,0.042,0.7765939257181219
0.6297452378097239,0.8326660193649511,0.696,0.7765939257181219
0.9578168577441302,0.9499522700164308,0.964,0.1537681690989709
0.2747175757178495,0.47163767430872205,0.526,0.7789297476370726
0.8281144794203285,0.8192531623279019,0.916,0.3159789057017956
0.93578214869567,0.05931257357148284,0.069,0.7789297476370726
0.9597217325274596,0.25202382113011285,0.164,0.1537681690989709
0.35441653672796236,0.10077897134098643,0.114,0.9426118451675107
0.9614046517343551,0.19916654925240995,0.322,0.5385059176838712
0.13956901914364817,0.7406452022481214,0.752,0.06734025469295887
0.9583007468152103,0.9388672091882252,0.98,0.06486038947190344
0.8622592600312415,0.02360841579901505,0.025,0.1537681690989709
0.10666899107352923,0.7704256889285578,0.962,0.3159789057017956
0.6403937930647534,0.2583692226653587,0.264,0.5451678456434617
0.8270751285509155,0.36528965855505313,0.413,0.9426118451675107
0.7141895513186733,0.9952881545888159,0.936,0.06734025469295887
0.6812152624728296,0.0031123300925249625,0.003,0.7789297476370726
0.2830103398035835,0.6960591338700268,0.568,0.5418438228636026
0.005249857422838011,0.34102972341769927,0.323,0.15598217618332708
0.2748273644207343,0.897595171015078,0.894,0.9426118451675107
0.6004397272161118,0.46807838504527044,0.445,0.31913429661302434
0.14956508163386306,0.836995187304415,0.884,0.3128262607851759
0.6278814199713166,0.9446809156975717,0.919,0.5451678456434617
0.31541516333129194,0.6674079025364605,0.619,0.02437363612997934
0.804850827133735,0.6235631090406417,0.812,0.1537681690989709
0.23214457670081856,0.08620047519143019,0.107,0.0022177290235968817
0.5503529515931147,0.670898738583396,0.538,0.06486038947190344
0.038654102919994604,0.21470635071143376,0.309,0.9426118451675107
0.410640493409539,0.7384878233296848,0.679,0.3159789057017956
0.7581391154781735,0.9647730521726819,0.819,0.06486038947190344
0.7567730579694871,0.4864162272243105,0.466,0.0022177290235968817
0.7496086359239273,0.1370770491045809,0.144,0.5418438228636026
0.23577998802296796,0.5669450658876901,0.41,0.9434221525810278
0.7215791563765839,0.4153350094028369,0.564,0.3128262607851759
0.7502123306152123,0.5927798883044858,0.48,0.5418438228636026
0.3053323592104247,0.7976811014207512,0.901,0.007698967367945168
0.5426811105741725,0.529041940861736,0.741,0.02380629535406692
0.8971208144635934,0.8164248349295379,0.945,0.7789297476370726
0.5324900414797864,0.772867609900767,0.857,0.9426118451675107
0.21813750482486793,0.9220314765626719,0.907,0.15598217618332708
0.8154982827012799,0.9649618368277857,0.854,0.1537681690989709
0.6262194627092519,0.16088212350454031,0.17,0.3159789057017956
0.5761024581926123,0.9771215915111922,0.904,0.5451678456434617
0.44938902387554325,0.967986755900068,0.939,0.5418438228636026
0.19554747701441078,0.6590906329238703,0.438,0.3128262607851759
0.17560189451511987,0.751681208545049,0.762,0.15598217618332708
0.3769066709678278,0.5619102530073936,0.54,0.7765939257181219
0.706879917441762,0.975996486162936,0.956,0.06609348855845944
0.6998572369099925,0.6642831319679985,0.715,0.3128262607851759
0.03777763833353376,0.4943242934520386,0.543,0.5418438228636026
0.1031695372250141,0.333182916864473,0.257,0.5418438228636026
0.2048428539984508,0.8614791516430427,0.989,0.3128262607851759
0.9669926307066545,0.07225651440101497,0.069,0.3128262607851759
0.6549019683183512,0.7922836741915515,0.744,0.1537681690989709
0.883552321302311,0.7798117019675258,0.6,0.5385059176838712
0.011588559440471546,0.10836193931137549,0.126,0.06486038947190344
0.15438028122394976,0.917891035541873,0.89,0.7812442219142368
0.24714676006662806,0.27023412386556406,0.164,0.0022177290235968817
0.6186196746322166,0.4786026297511193,0.454,0.3159789057017956
0.6834379805249011,0.5396626996289919,0.483,0.3128262607851759
0.9881758441968999,0.2655576748477037,0.251,0.3159789057017956
0.45931679184194407,0.9019967684019479,0.976,0.5385059176838712
0.6608078207509707,0.4141949795861391,0.53,0.06609348855845944
0.3765135471577967,0.208836645611473,0.175,0.5385059176838712
0.12746967398917253,0.7769529925223476,0.934,0.06486038947190344
0.7834566715564097,0.21288921199147187,0.227,0.5418438228636026
0.3289527151667698,0.8079623050221336,0.821,0.5451678456434617
0.9612725262820214,0.012304085389907578,0.009,0.5418438228636026
0.19380980432891404,0.20219009932542759,0.167,0.1537681690989709
0.09728309185194606,0.7035797525604823,0.552,0.5385059176838712
0.707828695705926,0.5149164446640632,0.604,0.15598217618332708
0.23797591512823102,0.7759507882113831,0.866,0.1537681690989709
0.8043226025624055,0.8277160163422365,0.687,0.7789297476370726
0.3277676971444331,0.3387969669770189,0.641,0.1537681690989709
0.326233439618137,0.6017189717039011,0.556,0.06486038947190344
0.7824274068860315,0.39441279933670415,0.277,0.1537681690989709
0.12959002944600162,0.9660207085861745,0.777,0.5385059176838712
0.15090992644230028,0.48070814656581023,0.507,0.06609348855845944
0.31583580030253267,0.16927246707681678,0.071,0.9442210586434259
0.7896789081632494,0.12098103884817715,0.091,0.5418438228636026
0.5656185845483426,0.7405129796292791,0.796,0.5418438228636026
0.03962880994425,0.0586666436199805,0.072,0.1537681690989709
0.6535127422770862,0.678105209076417,0.669,0.5418438228636026
0.19878068424063644,0.9742185894604196,0.895,0.06486038947190344
0.7264882161231934,0.6239419105007846,0.544,0.7789297476370726
0.2968562401713283,0.03446919960834124,0.048,0.3128262607851759
0.3864638415183118,0.0167886791260799,0.036,0.7765939257181219
0.3300524108506997,0.33819155388893896,0.219,0.9426118451675107
0.2670952903630731,0.28373736982138814,0.328,0.3128262607851759
0.14459831338731755,0.00674730721241765,0.015,0.7765939257181219
0.5768927240760917,0.9633941639645383,0.932,0.0022177290235968817
0.9444943188900056,0.8926064370002007,0.974,0.02380629535406692
0.5637200896894718,0.42077466944979414,0.41,0.7765939257181219
0.5049879356058027,0.1338315462681592,0.123,0.5385059176838712
0.4110660385016256,0.7632471323064337,0.816,0.3128262607851759
0.4544502119126054,0.7050820369988048,0.75,0.06486038947190344
0.31059382583475315,0.6379863260740342,0.632,0.7789297476370726
0.12740152597368404,0.8153813159367416,0.76,0.7765939257181219
0.5106275134244274,0.5296655198809002,0.666,0.7765939257181219
0.979989486074755,0.6856288716642205,0.712,0.1537681690989709
0.6595550718335867,0.48522081024866087,0.261,0.7765939257181219
0.23467039905955633,0.8043349130757677,0.902,0.5385059176838712
0.0628783298127823,0.09868498333705716,0.13,0.7812442219142368
0.22477176077319505,0.6712816270513905,0.737,0.7765939257181219
0.8217791954334162,0.4091973788312497,0.262,0.06486038947190344
0.5426890921091232,0.52494913512915,0.471,0.5385059176838712
0.875030319549365,0.17405636366289323,0.235,0.7789297476370726
0.7770613643904644,0.8242033671815645,0.731,0.7765939257181219
0.2824768405616962,0.6786668753026357,0.697,0.3128262607851759
0.3011973891179657,0.8242274145324131,0.977,0.06486038947190344
0.4075738066107143,0.4055774713840233,0.327,0.3159789057017956
0.5541163641829792,0.6816969083479155,0.595,0.3128262607851759
0.5610744236049734,0.5156810567563466,0.326,0.3128262607851759
0.0022992789547724435,0.16776340108531765,0.144,0.15598217618332708
0.10128722417593916,0.4133624874915407,0.412,0.9434221525810278
0.026926247021614724,0.7761046457634087,0.984,0.0022177290235968817
0.5360449724252778,0.2281351490084322,0.265,0.5385059176838712
0.9453541415195676,0.145876754001641,0.179,0.31913429661302434
0.6153037148558709,0.7251315589465585,0.745,0.5385059176838712
0.10468239750482689,0.6995106900622404,0.642,0.5418438228636026
0.014981700238335338,0.7183727281367893,0.61,0.3128262607851759
0.19764599480749767,0.5451941223602472,0.484,0.9426118451675107
0.25317222067623735,0.7508334514365239,0.763,0.7765939257181219
0.7736566572758787,0.4039138873747239,0.284,0.3159789057017956
0.28611835920611484,0.6267349874997488,0.536,0.5385059176838712
0.29313489912990487,0.3529131428771097,0.264,0.3128262607851759
0.5412854106742596,0.28502052536222544,0.206,0.7765939257181219
0.4920349298924518,0.7189001575384609,0.63,0.3128262607851759
0.015747654303217673,0.14893458126500914,0.184,0.7765939257181219
0.4194674617363746,0.43214061756737554,0.578,0.31913429661302434
0.014287468525436275,0.08547801555940875,0.061,0.5385059176838712
0.42517608306358545,0.13388363269070389,0.134,0.7789297476370726
0.21957363659341433,0.6469451595971534,0.583,0.3128262607851759
0.4368872706240654,0.44650287794950116,0.436,0.1537681690989709
0.9258764282057192,0.567032242603289,0.724,0.06609348855845944
0.18900623553782603,0.38232724049642963,0.272,0.1537681690989709
0.06689910439205438,0.10506755603197024,0.078,0.3159789057017956
0.72299685501489,0.17182954893199848,0.169,0.5385059176838712
0.7709838194502335,0.1022817189016803,0.143,0.3128262607851759
0.6178940582714935,0.08079716752580458,0.086,0.3128262607851759
0.5035365515303029,0.6813683741343664,0.86,0.3128262607851759
0.069020052340522,0.731203068977504,0.667,0.15598217618332708
0.29223187902808345,0.1109857059302826,0.068,0.3159789057017956
0.47619954740519166,0.5027402511194825,0.444,0.7765939257181219
0.04802714365653449,0.5687561717715429,0.475,0.9442210586434259
0.2985670278647907,0.8208503882636298,0.874,0.3128262607851759
0.34199932277687917,0.5123708931385089,0.474,0.5385059176838712
0.8224361639469396,0.792220187003865,0.805,0.3159789057017956
0.8023676370862486,0.5109896947442146,0.543,0.3128262607851759
0.2640078827417267,0.39739238843860936,0.353,0.5484778799627317
0.4237025491383364,0.5615665754500567,0.524,0.3128262607851759
0.7503287972051312,0.48849183415196024,0.593,0.7789297476370726
0.620468157493473,0.5335129576147697,0.658,0.3128262607851759
0.2762371360027748,0.6650123492523793,0.616,0.1537681690989709
0.7497699125266903,0.49072445733360487,0.538,0.7765939257181219
0.6525542342026118,0.8028373467699056,0.764,0.1537681690989709
0.6887752552579194,0.7350209056767562,0.842,0.1537681690989709
0.8287102257387005,0.3104287956885718,0.396,0.5418438228636026
0.9459739825891598,0.7531508424016823,0.849,0.5451678456434617
0.9938571714603315,0.5507466677247728,0.541,0.3128262607851759
0.4555839080854218,0.7793455754428871,0.729,0.15598217618332708
0.6371328442425235,0.6479330898751434,0.717,0.9434221525810278
0.00957673012163296,0.2360157456516856,0.262,0.06486038947190344
0.5658325850147048,0.7630547756819906,0.949,0.9426118451675107
0.1724146467129104,0.44864572447480655,0.439,0.15598217618332708
0.12775163673097967,0.872882464747162,0.948,0.3128262607851759
0.06953468985149658,0.789543082083293,0.708,0.5385059176838712
0.7799281499574837,0.4922224041271926,0.391,0.06734025469295887
0.06130110495677754,0.467201143172859,0.443,0.02380629535406692
0.528186588293162,0.3405104273035153,0.512,0.06486038947190344
0.7350051005412559,0.6446645708499372,0.618,0.9426118451675107
0.04364626032675967,0.340004666725365,0.427,0.9442210586434259
0.7295002508452562,0.09419257958191553,0.078,0.9442210586434259
0.1558714313987667,0.6173853332457713,0.508,0.3128262607851759
0.21427095706823507,0.5183618315485743,0.491,0.15598217618332708
0.0386538970105903,0.7469735332684886,0.521,0.3128262607851759
0.913659476853361,0.44107056380647924,0.414,0.9426118451675107
0.3952335300918185,0.7893250565605106,0.754,0.1537681690989709
0.7995029797226424,0.9649782529683183,0.809,0.3159789057017956
0.21504779527588014,0.9848382948738812,0.992,0.5451678456434617
0.35010344913356894,0.5371163728368888,0.462,0.9442210586434259
0.7407692866501252,0.04584789769183956,0.034,0.1537681690989709
0.45825499121797864,0.08702756037934127,0.134,0.06609348855845944
0.46663106706531154,0.9739476046923363,0.882,0.5385059176838712
0.5220146979603472,0.394976162219876,0.434,0.15820936014037157
0.0785253385412884,0.7065280682605881,0.669,0.1537681690989709
0.984937161871619,0.18523769784904337,0.208,0.3128262607851759
0.8357900938285912,0.7364877708893296,0.731,0.06609348855845944
0.30980202692794034,0.9404688417378678,0.935,0.7835374863669613
0.8201913315109282,0.28835777183530753,0.253,0.3128262607851759
0.1341503959000756,0.18162074227792835,0.266,0.06734025469295887
0.24917221268425116,0.4269028060313612,0.407,0.06609348855845944
0.9656464473369439,0.6689180954958717,0.591,0.06486038947190344
0.0386583161781735,0.9477877032382094,0.999,0.7765939257181219
0.6786737345937264,0.5971346452392536,0.515,0.7765939257181219
0.2031570005444452,0.7336674351850359,0.764,0.3159789057017956
0.6020929557150954,0.019695734310506054,0.025,0.5451678456434617
0.7928838617433469,0.8172566847990558,0.991,0.3159789057017956
0.3231683728719392,0.8225645293877725,0.719,0.3128262607851759
0.3485091669992998,0.33648301214754045,0.324,0.1537681690989709
0.4943022514373704,0.35789294475320427,0.522,0.1537681690989709
0.440751975983642,0.4618283909909962,0.558,0.9426118451675107
0.8735673931299788,0.2719918720825025,0.146,0.5451678456434617
0.8991399266517835,0.5137374397554277,0.429,0.7765939257181219
0.06486284078184779,0.6336273883629269,0.514,0.7765939257181219
0.6297892600211501,0.4832812536590977,0.413,0.5385059176838712
0.5083398339328062,0.43197769437830297,0.391,0.5385059176838712
0.8669453216007081,0.5299892539939648,0.463,0.1537681690989709
0.9591903113605486,0.46186599591798744,0.346,0.5418438228636026
0.8914619326786173,0.6191015173816132,0.537,0.15598217618332708
0.36652837979558317,0.7625209644880273,0.869,0.9426118451675107
0.8547824302426393,0.4125016235393272,0.294,0.3159789057017956
0.9870690115171511,0.4350823443017674,0.376,0.5385059176838712
0.6604502141733135,0.04703624288765984,0.064,0.5385059176838712
0.4584917660051311,0.13082283952351803,0.136,0.5385059176838712
0.9631848460617359,0.11203590331120233,0.098,0.06486038947190344
0.8292941619935033,0.9943104720830028,0.844,0.7765939257181219
0.48851286258019855,0.05629372440739428,0.098,0.5385059176838712
0.80747574030743,0.5393666214243302,0.577,0.5385059176838712
0.214444844872274,0.4213631462452876,0.425,0.3159789057017956
0.032881340670455006,0.30795972184826437,0.166,0.026131281849696215
0.8410898722273128,0.8072165560621088,0.973,0.5451678456434617
0.8638395703879602,0.7065969533427525,0.775,0.9426118451675107
0.15685808571222215,0.6060133799738183,0.554,0.3159789057017956
0.15387276102775937,0.6993543590362814,0.81,0.5418438228636026
0.09616469529747673,0.5191257510887337,0.434,0.9434221525810278
0.6085703433932792,0.441501184325077,0.466,0.1537681690989709
0.8300585443341733,0.03588220427651597,0.019,0.3159789057017956
0.11566358605880633,0.8544569417217569,0.906,0.5451678456434617
0.838338094469772,0.35394140127582585,0.506,0.7789297476370726
0.04492366078736898,0.2281669452032778,0.226,0.1537681690989709
0.02037696726112781,0.11503170892848565,0.094,0.1537681690989709
0.9763299696114991,0.3610459356558897,0.239,0.7765939257181219
0.8342451719151643,0.722136950611187,0.895,0.1537681690989709
0.6392599469135947,0.2495912834328479,0.256,0.7765939257181219
0.6931350512984595,0.8065267945340248,0.77,0.1537681690989709
0.2829322680548656,0.06727355566992543,0.117,0.1537681690989709
0.750190265609082,0.7964649326061669,0.821,0.02380629535406692
0.05878673324345607,0.888122234987265,0.853,0.008147309268592308
0.4786037297736926,0.8793596275725677,0.696,0.06609348855845944
0.10599141853723892,0.980809287715201,0.984,0.3128262607851759
0.19339513135192365,0.7336751891179556,0.488,0.1537681690989709
0.007784453913100453,0.522357957679336,0.71,0.3128262607851759
0.030737283607836563,0.8573946319934711,0.739,0.7789297476370726
0.27290755468317895,0.43849798576943205,0.583,0.9426118451675107
0.21899256942352663,0.684247927181334,0.764,0.3159789057017956
0.47567916572284275,0.7835870662829458,0.896,0.3128262607851759
0.9097509749578178,0.595606505978705,0.452,0.02380629535406692
0.8640085404502162,0.22808348681448648,0.199,0.7765939257181219
0.5217854739558142,0.7574162572625665,0.806,0.7765939257181219
0.9368490995188421,0.6258957702843874,0.676,0.7812442219142368
0.6262590989547366,0.3501077985065904,0.295,0.007698967367945168
0.07918798015875184,0.7613242252962897,0.653,0.5385059176838712
0.5807047978118927,0.9936080247149907,0.948,0.5385059176838712
0.034092289607356996,0.805004270897909,0.859,0.06609348855845944
0.8910776139205036,0.4165359531364437,0.579,0.15598217618332708
0.9905544794776746,0.7473947344567589,0.649,0.9426118451675107
0.30695403202479954,0.03235896350486563,0.067,0.7765939257181219
0.49654191039721163,0.857503772988959,0.848,0.7812442219142368
0.1084555701563471,0.11076554453656604,0.096,0.1537681690989709
0.44825993337385894,0.7273609512757682,0.76,0.3159789057017956
0.7317887662882369,0.6753861156367222,0.925,0.02380629535406692
0.0015060354676734722,0.2673455711040992,0.297,0.5385059176838712
0.5128091097123755,0.34886670980525947,0.347,0.5385059176838712
0.8409687874410554,0.03225341380178655,0.013,0.1537681690989709
0.9498547465105293,0.7046270250529484,0.582,0.3159789057017956
0.11925827523874499,0.86325971215098,0.961,0.7789297476370726
0.6023697716072793,0.002850040684169365,0.004,0.3128262607851759
0.18219806036977482,0.6301991147427484,0.555,0.3128262607851759
0.36720868185182576,0.25989704615122905,0.256,0.02380629535406692
0.23174704833486925,0.7448842476306626,0.626,0.06734025469295887
0.6433083281651999,0.5031341368798654,0.547,0.5385059176838712
0.8592928750796024,0.5032359170895175,0.65,0.5385059176838712
0.7312643351130994,0.2932130183942006,0.396,0.02380629535406692
0.8066386524882425,0.24762972734014288,0.202,0.06486038947190344
0.7375576291661476,0.08742347411321393,0.057,0.5418438228636026
0.9005192805008394,0.5447460610475097,0.568,0.3159789057017956
0.2336402039824479,0.05164918606581448,0.021,0.15598217618332708
0.3563843486902798,0.7949116585285844,0.72,0.7765939257181219
0.38882967892719067,0.8326419155555396,0.747,0.9426118451675107
0.9101017301556741,0.8861498232612717,0.938,0.3159789057017956
0.6788138645448181,0.6644551238731085,0.814,0.3128262607851759
0.19192666276000292,0.16863767872237279,0.135,0.9434221525810278
0.633284708905651,0.4292104443323757,0.426,0.7789297476370726
0.1829401330257937,0.7073165635073819,0.636,0.3128262607851759
0.028482872592319963,0.034980614490389673,0.035,0.3128262607851759
0.845142587322802,0.9500178687991216,0.938,0.3128262607851759
0.3443357613354746,0.7423959277520853,0.771,0.1537681690989709
0.7856495122885123,0.7714140004545478,0.814,0.3128262607851759
0.22945591777015373,0.1356558205086295,0.185,0.1537681690989709
0.39875845385149755,0.719504748653621,0.58,0.7765939257181219
0.14072676222348823,0.1702264034801562,0.165,0.7789297476370726
0.3738842168586355,0.04058683977918238,0.063,0.9426118451675107
0.8214351587365638,0.027218633109727008,0.04,0.06609348855845944
0.5834201973829891,0.291099637615502,0.285,0.3128262607851759
0.46531589966268216,0.7845524836003405,0.84,0.3159789057017956
0.056839648799518194,0.658606186288222,0.617,0.9434221525810278
0.7372466429655105,0.4087095285124274,0.519,0.5418438228636026
0.3435242375074894,0.8187569336970789,0.945,0.7765939257181219
0.8442463490400018,0.5940730244751508,0.694,0.5418438228636026
0.5902523168014036,0.7220675383396025,0.615,0.15820936014037157
0.02109227670294933,0.042825068805129915,0.032,0.7765939257181219
0.18184879316883595,0.47527869287044167,0.382,0.7812442219142368
0.09120326348319163,0.8893955209240201,0.83,0.9426118451675107
0.8047144330167036,0.4513757832544445,0.468,0.5451678456434617
0.9077068583470604,0.2906598589632278,0.4,0.5385059176838712
0.27340454716043605,0.13518685814828332,0.145,0.06609348855845944
0.6613277874658907,0.9593279176739772,0.744,0.9426118451675107
0.06226189551697414,0.03965861526942074,0.045,0.7765939257181219
0.6783375306859019,0.8158650523637022,0.68,0.7765939257181219
0.5471801771586655,0.12226401126710605,0.119,0.5418438228636026
0.9866125158049063,0.33607678999348056,0.245,0.02380629535406692
0.864866381986108,0.3365140739371878,0.459,0.1537681690989709
0.6321587236985312,0.40783402073902947,0.294,0.1537681690989709
0.46466975555203227,0.18298804822407091,0.249,0.7789297476370726
0.41746727368323844,0.20121001465003582,0.296,0.1537681690989709
0.260347657394301,0.4055018973139036,0.208,0.5385059176838712
0.23184416101183491,0.4352853337710014,0.397,0.06486038947190344
0.5793770349557834,0.9597422916973051,0.723,0.7765939257181219
0.7707754300272621,0.6250643287019935,0.651,0.9434221525810278
0.06934337295770665,0.15587097223454427,0.131,0.7765939257181219
0.19579314546581184,0.08023432030966889,0.156,0.5451678456434617
0.47145226721599565,0.509167645805478,0.666,0.9434221525810278
0.3485498129867025,0.8559962526160261,0.802,0.5385059176838712
0.9895951340779585,0.3204956086461111,0.414,0.02380629535406692
0.7719833249247889,0.5124736498516773,0.462,0.31913429661302434
0.5914905595140215,0.8679248117137001,0.871,0.3128262607851759
0.5410955392895,0.5759613552482374,0.603,0.5385059176838712
0.7983669734835114,0.8693795540979675,0.927,0.1537681690989709
0.19854163357237375,0.03406972419950895,0.03,0.5385059176838712
0.35694632980903807,0.5469059599655841,0.672,0.7789297476370726
0.2559863130599832,0.9897302905513444,1,0.5385059176838712
0.5531729646096936,0.34945243081766236,0.479,0.9426118451675107
0.02184716235925488,0.4660098105109439,0.466,0.5418438228636026
0.24859525343981215,0.2301344843780498,0.322,0.3128262607851759
0.5211273200980229,0.6774419948248143,0.894,0.3128262607851759
0.8906645142474972,0.7813647104062745,0.717,0.1537681690989709
0.029705644310014878,0.7179493417389884,0.992,0.3128262607851759
0.2043706510082831,0.5461147603257245,0.629,0.7765939257181219
0.4534067096400757,0.2796433915249112,0.494,0.06486038947190344
0.7632933725816731,0.6023141974353889,0.824,0.06486038947190344
0.5130149676968168,0.6590011858474774,0.695,0.5385059176838712
0.39125262607675293,0.4567954763693942,0.494,0.3128262607851759
0.344529145237485,0.4681004856622406,0.447,0.1537681690989709
0.9142526158502248,0.054971881365282235,0.054,0.06486038947190344
0.5901555174154434,0.771776343056338,0.684,0.02380629535406692
0.16381641631292976,0.18853532753774083,0.243,0.15598217618332708
0.4962138681428292,0.3702404443332065,0.417,0.3159789057017956
0.5202345130029148,0.10398397920762796,0.219,0.7765939257181219
0.30318735185959034,0.011769755889926988,0.022,0.5385059176838712
0.07862769939007741,0.4014738539423393,0.423,0.7765939257181219
0.29587822055473845,0.4362343511400998,0.431,0.1537681690989709
0.0677710327401122,0.7295346080748942,0.7,0.5385059176838712
0.24174314563625865,0.6786329441233454,0.463,0.3128262607851759
0.27759033578751935,0.6755215938017181,0.588,0.15598217618332708
0.009489107134741381,0.24903486813480918,0.151,0.7765939257181219
0.42380704073065156,0.6994306164996118,0.611,0.5418438228636026
0.34930136047410787,0.2860168523593558,0.359,0.1537681690989709
0.659089179510864,0.9640835946396469,0.919,0.3159789057017956
0.2584226216867377,0.9993098565548877,0.834,0.15598217618332708
0.9374110481308039,0.05965761619294802,0.068,0.3128262607851759
0.9282732118728805,0.4366258266091067,0.504,0.02380629535406692
0.21683275939653301,0.7295307384493421,0.554,0.7765939257181219
0.8824934866913098,0.155250567685506,0.171,0.02380629535406692
0.8061133206786062,0.36949298388053775,0.453,0.007698967367945168
0.005475286314647443,0.37910727475525213,0.359,0.06609348855845944
0.04485710588240244,0.16413950506558356,0.172,0.5385059176838712
0.8489501045023519,0.9038112742355598,0.948,0.02437363612997934
0.6511099281635505,0.926877609253139,0.803,0.5385059176838712
0.47236162601028764,0.7822186441541596,0.971,0.15820936014037157
0.5473893809924288,0.8858814668121804,0.926,0.026131281849696215
0.2925200385270985,0.8762255281182884,0.843,0.7789297476370726
0.5806349271055731,0.9932177782839322,0.866,0.3128262607851759
0.8939396111222802,0.7633256494321882,0.752,0.7765939257181219
0.7826304867895792,0.4920115058815777,0.497,0.06734025469295887
0.6518090028738381,0.6599406232507614,0.497,0.7765939257181219
0.6975881478368635,0.06107225167796332,0.053,0.5385059176838712
0.25282650057393474,0.23381840936373496,0.266,0.007698967367945168
0.06069845146244124,0.37132482692540286,0.482,0.1537681690989709
0.9089421343093558,0.38368343103433644,0.404,0.3128262607851759
0.17205923448021954,0.18300159048961154,0.171,0.7765939257181219
0.7052814820732012,0.8387129549232366,0.986,0.5385059176838712
0.07076478374329054,0.7117164329786325,0.92,0.3128262607851759
0.19752952223113385,0.688826086816449,0.707,0.5385059176838712
0.6274275876578475,0.14309625647596863,0.113,0.5385059176838712
0.733010930155086,0.9211320856742933,0.857,0.5385059176838712
0.9310072094144928,0.30200558084387397,0.319,0.9442210586434259
0.6318514150032477,0.7813726159819656,0.613,0.02437363612997934
0.4379271949594219,0.3232747482507226,0.391,0.3128262607851759
0.4006810943225092,0.9175110259109087,0.832,0.3159789057017956
0.910696356805116,0.7990170682453084,0.849,0.3128262607851759
0.3230321546502263,0.330622422233399,0.378,0.02380629535406692
0.106761012811599,0.6597951990257236,0.734,0.5385059176838712
0.5618437669181944,0.7972557837757901,0.568,0.02380629535406692
0.6641749196865282,0.7535848683656491,0.761,0.7765939257181219
0.9714494990844292,0.19215493978253068,0.186,0.1537681690989709
0.804775769886384,0.2960262160243351,0.201,0.007698967367945168
0.8728711806585807,0.4118442059667119,0.593,0.7765939257181219
0.8050054070724402,0.9087108826883052,0.909,0.06486038947190344
0.8326636732275987,0.8146058854657505,0.87,0.7765939257181219
0.08492866744225402,0.5057082384084848,0.474,0.3159789057017956
0.424470378015921,0.4700381060665354,0.3,0.3128262607851759
0.00703406565336151,0.8941087278742977,0.932,0.06486038947190344
0.9031003668404894,0.9910981547317643,0.958,0.5451678456434617
0.525233693727967,0.14920877093970447,0.124,0.9434221525810278
0.8198703131872208,0.7908158865317387,0.806,0.5484778799627317
0.5739918320340553,0.5312649334937006,0.54,0.9426118451675107
0.8452382902626573,0.04884454977437452,0.038,0.7812442219142368
0.3134805550081986,0.662560451977523,0.592,0.3128262607851759
0.6736076774763726,0.016037231496901654,0.018,0.7765939257181219
0.08782360995320837,0.20983234395999056,0.159,0.3128262607851759
0.2573352931245362,0.4190180636254273,0.464,0.15820936014037157
0.48848893038328356,0.6248893490967737,0.672,0.007698967367945168
0.5290184479829927,0.13858105453156513,0.106,0.7765939257181219
0.593541789090229,0.5315418735975681,0.634,0.5451678456434617
0.1573664033324128,0.6244847897708528,0.645,0.06734025469295887
0.6431812942255263,0.6742688226094607,0.571,0.3128262607851759
0.45957492418390844,0.6968662219554544,0.701,0.5385059176838712
0.03616050556860195,0.7815742161104985,0.638,0.5385059176838712
0.4850692616945773,0.8028811483421665,0.885,0.06486038947190344
0.9438485535189806,0.9803616485874747,0.859,0.7765939257181219
0.16776600047989387,0.7019373564471469,0.61,0.5385059176838712
0.14974229107163417,0.9697805849779403,0.937,0.16044957708275517
0.08873421048271835,0.8261557457542202,0.854,0.7789297476370726
0.4638055958445205,0.25396028539650606,0.282,0.06609348855845944
0.5791516632030114,0.8863043374319269,0.912,0.06486038947190344
0.7293256988686347,0.33368985381706767,0.257,0.1537681690989709
0.7841025752141627,0.5363424566918338,0.663,0.7765939257181219
0.7190163777401242,0.5456902813044469,0.603,0.5385059176838712
0.39463048474340734,0.9882186921397996,0.796,0.5385059176838712
0.9348070045595238,0.662033914243723,0.684,0.3128262607851759
0.025213678676545337,0.4323035763425973,0.554,0.5418438228636026
0.7441430328426617,0.4209529447965441,0.505,0.02380629535406692
0.004411124797782717,0.8243516618264237,0.736,0.32229220147929827
0.8605535184143092,0.7482373630518415,0.667,0.3128262607851759
0.36874317360442155,0.2592442956676309,0.29,0.7765939257181219
0.37748914860579486,0.03748421084778997,0.039,0.15598217618332708
0.05447552944059042,0.310632682999867,0.337,0.3128262607851759
0.473756273559089,0.9540487263791003,0.84,0.02380629535406692
0.09894960719483137,0.5062120321850427,0.442,0.3128262607851759
0.5000094380593254,0.64273404372636,0.733,0.3128262607851759
0.9297836339623413,0.32724269644638787,0.34,0.3159789057017956
0.1638296479487299,0.44746889988134836,0.587,0.06486038947190344
0.8630036174520933,0.678810147594121,0.698,0.5418438228636026
0.028958969094943665,0.706493626567567,0.629,0.5418438228636026
0.33295679544275514,0.982102957190088,0.934,0.7765939257181219
0.8786451955803644,0.7035950371671191,0.751,0.7765939257181219
0.9148200169238154,0.9635665190792726,0.868,0.5385059176838712
0.17089427822281467,0.97042098252170494,0.949,0.5418438228636026
0.4962558525410693,0.5863230214884789,0.564,0.5418438228636026
0.5090922381542193,0.0038985654346209157,0.001,0.15598217618332708
0.11127514726077781,0.8911330192048779,0.847,0.3128262607851759
0.8094881011817702,0.1470231415433204,0.277,0.7812442219142368
0.42804279394798306,0.4831302546133645,0.495,0.5385059176838712
0.901464234552492,0.4266391948383398,0.51,0.9434221525810278
0.6352978106253238,0.09309824566616393,0.129,0.1537681690989709
0.4019944621203906,0.10678185243926276,0.108,0.9434221525810278
0.9129192732611994,0.8959861068971298,0.974,0.0022177290235968817
0.07619494248060699,0.7565469173459197,0.505,0.5385059176838712
0.43392937293599865,0.23672286612106128,0.324,0.06486038947190344
0.002476169895914926,0.8336102102277012,0.774,0.1537681690989709
0.45250303492555233,0.4042068224934819,0.24,0.31913429661302434
0.81963264026905025,0.04007124142696801,0.031,0.1537681690989709
0.18093848073052943,0.4348521537974919,0.491,0.3128262607851759
0.5264914229525395,0.1319562890459596,0.131,0.3128262607851759
0.07269556290948032,0.02894072050918919,0.035,0.7789297476370726
0.36843944155451336,0.6560112541880901,0.6,0.007698967367945168
0.35943603253444134,0.9457218850615685,0.865,0.5451678456434617
0.5939689348346054,0.8308185157415887,0.887,0.9426118451675107
0.13824049976481467,0.9572439083398316,0.97,0.5385059176838712
0.5925095887443668,0.9609977878338731,0.936,0.3159789057017956
0.7440059372816329,0.5633520266421865,0.489,0.5385059176838712
0.22530534308121375,0.04743730412174176,0.074,0.5385059176838712
0.5736028424339445,0.3056592295205639,0.435,0.5385059176838712
0.7763642335455165,0.0888438092349672,0.115,0.9426118451675107
0.7908226425271713,0.6237124324157884,0.809,0.1537681690989709
0.031142710802506635,0.16036010859005068,0.133,0.9434221525810278
0.7273208116545351,0.7943080472339363,0.792,0.5385059176838712
0.5910169699768429,0.23446007542530306,0.234,0.5385059176838712
0.025014349332667662,0.5290486802672487,0.571,0.1537681690989709
0.1941853888696925,0.6542749295881325,0.538,0.06486038947190344
0.4340822010011697,0.9592499673514933,0.97,0.7812442219142368
0.5037226696962529,0.3290305097557049,0.237,0.1537681690989709
0.8729184032686004,0.35520995825908247,0.269,0.3128262607851759
0.43522771418849526,0.2248121223646584,0.186,0.5418438228636026
0.3052469850649743,0.28262185871463497,0.377,0.3159789057017956
0.15370795882168053,0.23072689155287843,0.24,0.3128262607851759
0.5067449460608224,0.711367309997039,0.754,0.5385059176838712
0.8867857205045114,0.2850437229476691,0.307,0.9434221525810278
0.6891311722235632,0.32237767725386673,0.271,0.15820936014037157
0.42204330615305685,0.8899041016472187,0.828,0.31913429661302434
0.9011757761624797,0.5660388084680462,0.587,0.3128262607851759
0.4624331430605163,0.5686549002937414,0.443,0.7812442219142368
0.4461264080194395,0.11919284129308087,0.12,0.1537681690989709
0.5799532161468215,0.7005519509861236,0.655,0.5385059176838712
0.7401401588904106,0.2762932208071528,0.384,0.15598217618332708
0.4335486706754281,0.6611865770382896,0.651,0.5385059176838712
0.9974202653591937,0.21980460295759469,0.154,0.15598217618332708
0.9850310516976639,0.7633060198990268,0.783,0.7789297476370726
0.38711953303782154,0.9581751134687926,0.92,0.5418438228636026
0.47807432716971,0.24861654249940907,0.284,0.1537681690989709
0.6707156278312278,0.5240198460075908,0.436,0.3159789057017956
0.9237480623579408,0.7916687002296692,0.809,0.9426118451675107
0.7529752349823283,0.6484550563149519,0.643,0.5418438228636026
0.6477152148421672,0.6046833773479945,0.522,0.9434221525810278
0.24138888808654924,0.05822583583440293,0.066,0.3128262607851759
0.02794077595367317,0.797247834506837,0.682,0.06486038947190344
0.41513728716966425,0.6892128582989658,0.67,0.15820936014037157
0.8523123769639507,0.47735706104409376,0.501,0.5418438228636026
0.365334772013188,0.13669928937545858,0.203,0.3159789057017956
0.2609985853876571,0.1476615532138713,0.253,0.3128262607851759
0.9871677115042032,0.7807204810741422,0.803,0.3128262607851759
0.21972485079137782,0.7132095185757616,0.592,0.007920753628519139
0.6757971785330732,0.8504355471012839,0.81,0.5418438228636026
0.6700687711156228,0.9447546820870832,0.818,0.5385059176838712
0.6741470919351064,0.9509485877684623,0.896,0.1537681690989709
0.9818014006430744,0.5785638983319463,0.6,0.3159789057017956
0.602230176389306,0.8714874847674797,0.889,0.02380629535406692
0.5087675099004423,0.00741626528566777,0.004,0.7765939257181219
0.22604776364252566,0.7957219613694322,0.936,0.3128262607851759
0.41012542382477013,0.14787771091859467,0.165,0.15820936014037157
0.1545266777183547,0.08603939922957311,0.117,0.7765939257181219
0.46573793203307856,0.25309764718895245,0.234,0.5385059176838712
0.7907392593005362,0.8731825994892018,0.774,0.3159789057017956
0.4687260681170907,0.673219898150319,0.865,0.15820936014037157
0.37982308478370186,0.999531688345083,0.923,0.31913429661302434
0.6101515204582288,0.41844335897539137,0.453,0.5385059176838712
0.8528431909367795,0.5795078022775009,0.499,0.5385059176838712
0.3021017378011994,0.5458853844168237,0.658,0.5451678456434617
0.2970463178812568,0.4862485796791799,0.532,0.5385059176838712
0.7526913477478494,0.3449366511799132,0.259,0.5418438228636026
0.8247247046580094,0.5225153187044368,0.459,0.3159789057017956
0.2830113907425281,0.8892612632288489,0.981,0.5385059176838712
0.33169400718347697,0.8248927900423481,0.781,0.5385059176838712
0.7947254041584262,0.984370070383329,0.848,0.02437363612997934
0.20742320609939802,0.4839465967367888,0.607,0.06734025469295887
0.7521842643467647,0.4990653207713967,0.501,0.06609348855845944
0.018824086810795948,0.10994558569943898,0.106,0.1537681690989709
0.6165301189363532,0.5662443982603979,0.534,0.06486038947190344
0.978661320688724,0.6763346832451093,0.628,0.3128262607851759
0.7893620715218201,0.1713438773942341,0.222,0.7789297476370726
0.1510260099056363,0.01482793883153097,0.034,0.02380629535406692
0.5359834413582791,0.6141726659262998,0.738,0.7812442219142368
0.46663083221978674,0.5329716407600388,0.438,0.7789297476370726
0.26977618248938773,0.24777294030870148,0.22,0.5385059176838712
0.3362617910850181,0.980320581084941,0.888,0.7789297476370726
0.20802587379374493,0.5097294392040085,0.524,0.1537681690989709
0.18898668584867673,0.10068283394712353,0.092,0.7812442219142368
0.7530947858555663,0.7126106166549415,0.737,0.06609348855845944
0.01959861096705595,0.5527839245511353,0.631,0.7765939257181219
0.39857048103669146,0.003602752813167473,0.002,0.3128262607851759
0.4654587666587492,0.06390885272240839,0.073,0.7765939257181219
0.7856601843973477,0.6788704763058285,0.738,0.15598217618332708
0.3947369483499319,0.35893571809673314,0.337,0.7765939257181219
0.9125794683326348,0.1828036098546863,0.267,0.15598217618332708
0.3679410953894894,0.6793003774824362,0.83,0.3159789057017956
0.35771813529927043,0.28592385538289894,0.287,0.1537681690989709
0.4360404045843087,0.8327021754524143,0.902,0.15598217618332708
0.4444189486251213,0.4090863405361917,0.448,0.3159789057017956
0.057304102316196426,0.8822193164744039,0.896,0.06609348855845944
0.31652965373631237,0.7064094383811106,0.729,0.9434221525810278
0.37165909273334174,0.7995937835995555,0.812,0.5418438228636026
0.6520855617044459,0.9556277708569476,0.962,0.06486038947190344
0.6954633759993979,0.995661976319439,0.9,0.3159789057017956
0.25944107455042653,0.1968433994202751,0.175,0.5418438228636026
0.7474146516640519,0.925736370133257,0.982,0.3159789057017956
0.3288424212844421,0.46231111741871955,0.461,0.1537681690989709
0.42277767944545985,0.30577592800044423,0.287,0.3128262607851759
0.8298240212532482,0.27710030778384714,0.334,0.3159789057017956
0.41464929208855794,0.5727159698852756,0.665,0.02380629535406692
0.6723861040025043,0.5460223195190825,0.605,0.3128262607851759
0.44684525319992385,0.18717186892591042,0.136,0.5385059176838712
0.5865247932993343,0.3266151538641077,0.415,0.9434221525810278
0.18547744686731427,0.7335472528254359,0.732,0.5418438228636026
0.014438791482405566,0.6822105999125179,0.729,0.7765939257181219
0.7730626943059351,0.7858389026315376,0.829,0.9426118451675107
0.27980510149548454,0.3462610967405922,0.372,0.7765939257181219
0.0934405697477243,0.024739040056417264,0.022,0.02380629535406692
0.489640729966493,0.5569213477040731,0.784,0.3128262607851759
0.15911421404790071,0.6602464288499246,0.427,0.3128262607851759
0.22353090874192372,0.3821000929784016,0.461,0.06486038947190344
0.16309116201776142,0.08731007185859027,0.08,0.15598217618332708
0.003716845897662968,0.9766904324969701,0.917,0.9426118451675107
0.0466621752397387,0.48438078364172993,0.365,0.15598217618332708
0.6192390129469963,0.27372357827042326,0.282,0.1537681690989709
2.613518165732742e-4,0.6759280912554085,0.607,0.5451678456434617
0.563843197933606,0.4611392703588323,0.55,0.5451678456434617
0.062495351035873004,0.1660156200278478,0.199,0.02380629535406692
0.20822833330930135,0.7392922276385723,0.757,0.15820936014037157
0.7783447436423311,0.5192292084306682,0.531,0.1537681690989709
0.5351992186575785,0.32462340257963224,0.301,0.15598217618332708
0.8151975380470153,0.34742759368250836,0.261,0.3159789057017956
0.6245319010784834,0.1987452912784259,0.156,0.3128262607851759
0.5575714158311887,0.011319456896645938,0.013,0.3128262607851759
0.7563779577665851,0.49735068240192687,0.631,0.06486038947190344
0.966789365035729,0.4319143449581977,0.409,0.1537681690989709
0.19797009402870702,0.2228048914395255,0.276,0.3128262607851759
0.9321221517817062,0.4372726588600648,0.408,0.02380629535406692
0.7005862260478233,0.3588251529677681,0.467,0.3128262607851759
0.8680721656489289,0.1544009474370205,0.19,0.5385059176838712
0.07256371099865178,0.41038192718089944,0.429,0.3128262607851759
0.8059073897006754,0.45387622827074986,0.402,0.3128262607851759
0.7522119667188903,0.1630653173002017,0.16,0.3159789057017956
0.6755574486335743,0.1111588495499949,0.162,0.3128262607851759
0.9877921148904139,0.6612164317383435,0.739,0.3128262607851759
0.5260529733387573,0.7276625025178762,0.861,0.5385059176838712
0.7641898959197153,0.640385969490688,0.559,0.3128262607851759
0.189627162826276,0.029001268743984433,0.017,0.7765939257181219
0.6131775591945823,0.37980244358226056,0.477,0.5385059176838712
0.503094814010573,0.5617991541879837,0.405,0.3128262607851759
0.05296011087367114,0.46664939048504567,0.354,0.06486038947190344
0.6856906234529685,0.44921011309219644,0.418,0.5385059176838712
0.3314298654642778,0.1661841084307799,0.139,0.9426118451675107
0.23923523008228953,0.24691873493625333,0.208,0.1537681690989709
0.27538182033551495,0.22331332082456448,0.169,0.7765939257181219
0.8771398730294907,0.5095906129326007,0.477,0.7812442219142368
0.22468846140379417,0.19059946335440464,0.248,0.15598217618332708
0.7042158004809671,0.6931648320615478,0.772,0.9442210586434259
0.5221723715998494,0.6457693349567533,0.612,0.7765939257181219
0.2296396863544643,0.2315090816298283,0.232,0.02380629535406692
0.4813887867923412,0.40624346767468894,0.428,0.06486038947190344
0.014031841175427329,0.7365887018124758,0.771,0.5385059176838712
0.2822479312101843,0.4914342173773069,0.662,0.15598217618332708
0.3247014805119458,0.13432499178851626,0.11,0.3128262607851759
0.9285803235234935,0.014307595356902705,0.006,0.5385059176838712
0.3198464671019785,0.66856947030415,0.651,0.5385059176838712
0.7565784678250383,0.9928686117966542,0.941,0.7765939257181219
0.1979681336976047,0.9009816833739459,0.912,0.5451678456434617
0.6757225115276337,0.9804848514068886,0.82,0.15820936014037157
0.4654974561275257,0.9615106819014383,0.883,0.5451678456434617
0.6703621701830994,0.9185693788303358,0.911,0.7765939257181219
0.30636763973164616,0.6951496687932375,0.574,0.3128262607851759
0.5923562265675172,0.9420952981105352,0.78,0.007698967367945168
0.6511274705385781,0.8096219224735156,0.747,0.3159789057017956
0.8876433488803909,0.23669226801358886,0.237,0.31913429661302434
0.7394187743126778,0.1890359374877796,0.163,0.7789297476370726
0.2918780007742898,0.736751753530434,0.559,0.06486038947190344
0.6549538542788481,0.24369115952631493,0.273,0.5385059176838712
0.744671388255552,0.9848465093850857,0.952,0.3128262607851759
0.09890402267455467,0.3838043111505839,0.428,0.31913429661302434
0.018829959415627706,0.8801515729688628,0.965,0.15598217618332708
0.5084726196327316,0.10272254942477307,0.091,0.7765939257181219
0.9381035319930406,0.6542043263177477,0.64,0.5418438228636026
0.7070037663920624,0.7243400466528334,0.759,0.7789297476370726
0.8841855020750657,0.3350510000132942,0.271,0.3159789057017956
0.305059403238247,0.35250236917143707,0.351,0.06486038947190344
0.007702007483533224,0.4545343919394138,0.307,0.7765939257181219
0.009373688554746185,0.6872343563346066,0.545,0.3159789057017956
0.9299924676111158,0.644734749947613,0.758,0.7765939257181219
0.3110274215380864,0.5664953358331342,0.638,0.5385059176838712
0.9949233826021617,0.47231641532384033,0.594,0.5385059176838712
0.4082239647828484,0.6343646184828046,0.594,0.5385059176838712
0.7905645621804915,0.8961653233623776,0.981,0.5385059176838712
0.04642778138674586,0.6183756040048551,0.574,0.3159789057017956
0.20701282100060825,0.44701958270044184,0.33,0.3159789057017956
0.7919779174683894,0.987783293681319,0.992,0.7765939257181219
0.19055879058286074,0.6174506044412065,0.72,0.5418438228636026
0.8378855607611939,0.13041005481058715,0.098,0.5451678456434617
0.6369440898794545,0.9150189608880918,0.867,0.3128262607851759
0.6768693602156032,0.56808584511407,0.855,0.5385059176838712
0.6533411083242019,0.04212216015475798,0.036,0.9426118451675107
0.7058315696225288,0.13174244759904694,0.227,0.7765939257181219
0.28191139819935296,0.06647045833730032,0.043,0.3128262607851759
0.42288091874026934,0.4379078799493527,0.388,2.8863348922508814e-5
0.8785756920728967,0.6099715425992498,0.727,0.3128262607851759
0.5805513940497469,0.8053828401499736,0.663,0.1537681690989709
0.9999116790006704,0.23444386665436334,0.219,0.5385059176838712
0.8907932685574914,0.6989349970382015,0.784,0.7789297476370726
0.5076633985723289,0.03619977420087051,0.05,0.3159789057017956
0.5359731676152224,0.11554045409839303,0.102,0.9426118451675107
0.897028945429791,0.0242214370907091,0.028,0.5385059176838712
0.2661697659443937,0.09217321988756311,0.157,0.1537681690989709
0.4248193744086953,0.08903522930606869,0.053,0.9426118451675107
0.10621595893247426,0.5113439173190608,0.634,0.5484778799627317
0.9805934224793774,0.18204362529904686,0.234,0.06734025469295887
0.01812651265745613,0.2736017306338741,0.33,0.1537681690989709
9.69189439612772e-4,0.9229391448123194,0.775,0.06486038947190344
0.751638924990315,0.049185460412172276,0.038,0.9426118451675107
0.8900941147890438,0.4409270771617926,0.515,0.3128262607851759
0.15772717731084207,0.1973565404364386,0.257,0.3159789057017956
0.14816761403153444,0.5827818163649305,0.493,0.7765939257181219
0.22002830991293132,0.24770553873476225,0.433,0.5385059176838712
0.2430994749797326,0.7450011358551122,0.715,0.5385059176838712
0.10422286399876934,0.17495342730515784,0.245,0.3128262607851759
0.8557537746435522,0.5557016748244947,0.511,0.7789297476370726
0.7104979858433436,0.7295887839292072,0.699,0.0022929272664544563
0.14766108609586115,0.7509389164035172,0.806,0.5418438228636026
0.9551046741885899,0.36029660846670714,0.239,0.02437363612997934
0.821848516288754,0.23344653103756316,0.218,0.7812442219142368
0.49900153811798365,0.2640443410071971,0.189,0.9426118451675107
0.0932518496334036,0.7880687587598115,0.677,0.15598217618332708
0.24091335958877258,0.0723946334327505,0.067,0.5451678456434617
0.7550733442003189,0.0762259122929044,0.053,0.06486038947190344
0.7770200973396569,0.5098881219255353,0.397,0.3128262607851759
0.7951227029646335,0.9703429843607045,0.766,0.1537681690989709
0.13999757694743575,0.8322602922961236,0.767,0.5385059176838712
0.505095557611603,0.23084309814394904,0.244,0.3159789057017956
0.16617873208801714,0.34976277096761826,0.438,0.5385059176838712
0.3513425292914104,0.7106730805712487,0.667,0.7765939257181219
0.2605766358536934,0.040558076606174345,0.082,0.5418438228636026
0.2250238455834206,0.8111825843021573,0.67,0.1537681690989709
0.44358863567861895,0.2863518106508385,0.336,0.3128262607851759
0.6563165652924692,0.4651787702627277,0.46,0.5418438228636026
0.39232387498958243,0.5245028369130091,0.7,0.5385059176838712
0.6107567300577186,0.6755554649613418,0.837,0.5451678456434617
0.026354098438013396,0.6610074599304782,0.663,0.7765939257181219
0.3182818892242145,0.6806209009935462,0.703,0.7789297476370726
0.3839712200579921,0.6068695864267581,0.438,0.7765939257181219
0.5863834852880172,0.5929971019067983,0.672,0.3128262607851759
0.46017538577399997,0.5289240085454208,0.556,0.7765939257181219
0.5644056751453166,0.494870853901863,0.483,0.1537681690989709
0.9230192496910298,0.3946529554444508,0.405,0.5385059176838712
0.5803676670777353,0.09398825241917515,0.162,0.9434221525810278
0.764543951012789,0.3089526426987937,0.392,0.1537681690989709
0.5658830429378938,0.19751586644131383,0.2,0.3128262607851759
0.09878569493801215,0.9463448717924251,0.86,0.7789297476370726
0.0341598076874271,0.5323629915237243,0.485,0.5385059176838712
0.6108101829290994,0.26277388295797055,0.197,0.3128262607851759
0.9321466379809116,0.48984693306167465,0.476,0.1537681690989709
0.3706919280426797,0.49255344983943217,0.447,0.06486038947190344
0.2834268342476727,0.7434080665624994,0.75,0.5385059176838712
0.04014467669877897,0.04987867885116501,0.072,0.5385059176838712
0.073532345165223,0.19131393222826246,0.207,0.06486038947190344
0.5176353419608845,0.9741734251228765,0.893,0.5385059176838712
0.019762914956931277,0.7635808469095415,0.708,0.15598217618332708
0.5289308867107649,0.20026414937835457,0.21,0.3159789057017956
0.13994799114658862,0.4924658084444676,0.509,0.5385059176838712
0.1565645394445908,0.7178415844875577,0.654,0.3128262607851759
0.692414532720609,0.0021828980544680216,0.009,0.1537681690989709
0.7558158013192287,0.7526113512748159,0.72,0.5385059176838712
0.6245431028646569,0.9722560719987587,0.906,0.5451678456434617
0.09808112381333145,0.13233314421124936,0.073,0.5385059176838712
0.21125351183835617,0.1125820152173587,0.116,0.7789297476370726
0.15370750815332568,0.8179047105522822,0.77,0.1537681690989709
0.023704535136362725,0.8285064389436733,0.918,0.0022177290235968817
0.2744430518041169,0.6011956792473908,0.664,0.7789297476370726
0.3380465243132206,0.8646117838207285,0.819,0.32229220147929827
0.08957506084066513,0.09095397725696365,0.062,0.9442210586434259
0.015952242726751997,0.3303128492757563,0.387,0.1537681690989709
